# Blender 5.1.2
# www.blender.org
mtllib moxer.mtl
o Core
v -1.000000 1.000000 -1.000000
v -1.000000 1.000000 1.000000
v 1.000000 1.000000 -1.000000
v 1.000000 1.000000 1.000000
v 1.000000 2.000000 -1.000000
v -1.000000 2.000000 -1.000000
v -1.000000 2.000000 1.000000
v 1.000000 2.000000 1.000000
v -0.750000 2.000000 -0.750000
v -0.750000 2.000000 0.750000
v 0.750000 2.000000 -0.750000
v 0.750000 2.000000 0.750000
v 0.750000 2.250000 -0.750000
v -0.750000 2.250000 -0.750000
v -0.750000 2.250000 0.750000
v 0.750000 2.250000 0.750000
v 0.750000 2.250000 -0.000000
v 0.692910 2.250000 -0.287013
v 0.530330 2.250000 -0.530330
v 0.287013 2.250000 -0.692910
v 0.000000 2.250000 -0.750000
v -0.287013 2.250000 -0.692910
v -0.530330 2.250000 -0.530330
v -0.692910 2.250000 -0.287013
v -0.750000 2.250000 -0.000000
v -0.692910 2.250000 0.287013
v -0.530330 2.250000 0.530330
v -0.287013 2.250000 0.692910
v 0.000000 2.250000 0.750000
v 0.287013 2.250000 0.692910
v 0.530330 2.250000 0.530330
v 0.692910 2.250000 0.287012
v 0.622551 2.500000 -0.000000
v 0.575162 2.500000 -0.238240
v 0.440210 2.500000 -0.440210
v 0.238240 2.500000 -0.575162
v 0.000000 2.500000 -0.622551
v -0.238240 2.500000 -0.575162
v -0.440210 2.500000 -0.440210
v -0.575162 2.500000 -0.238240
v -0.622551 2.500000 -0.000000
v -0.575162 2.500000 0.238240
v -0.440210 2.500000 0.440210
v -0.238240 2.500000 0.575162
v 0.000000 2.500000 0.622551
v 0.238240 2.500000 0.575162
v 0.440210 2.500000 0.440210
v 0.575162 2.500000 0.238240
v 0.692910 2.500000 -0.287013
v 0.750000 2.500000 -0.000000
v 0.530330 2.500000 -0.530330
v 0.287013 2.500000 -0.692910
v 0.000000 2.500000 -0.750000
v -0.287013 2.500000 -0.692910
v -0.530330 2.500000 -0.530330
v -0.692910 2.500000 -0.287013
v -0.750000 2.500000 -0.000000
v -0.692910 2.500000 0.287013
v -0.530330 2.500000 0.530330
v -0.287013 2.500000 0.692910
v 0.000000 2.500000 0.750000
v 0.287013 2.500000 0.692910
v 0.530330 2.500000 0.530330
v 0.692910 2.500000 0.287012
v 0.575162 2.250000 -0.238240
v 0.622551 2.250000 -0.000000
v 0.440210 2.250000 -0.440210
v 0.238240 2.250000 -0.575162
v 0.000000 2.250000 -0.622551
v -0.238240 2.250000 -0.575162
v -0.440210 2.250000 -0.440210
v -0.575162 2.250000 -0.238240
v -0.622551 2.250000 -0.000000
v -0.575162 2.250000 0.238240
v -0.440210 2.250000 0.440210
v -0.238240 2.250000 0.575162
v 0.000000 2.250000 0.622551
v 0.238240 2.250000 0.575162
v 0.440210 2.250000 0.440210
v 0.575162 2.250000 0.238240
v 0.062500 2.468750 -0.625000
v 0.062500 2.468750 0.625000
v 0.125000 2.468750 -0.625000
v 0.125000 2.468750 0.625000
v -0.312400 2.468750 -0.625000
v -0.312400 2.468750 0.625000
v -0.249900 2.468750 -0.625000
v -0.249900 2.468750 0.625000
v -0.125000 2.468750 -0.625000
v -0.125000 2.468750 0.625000
v -0.062500 2.468750 -0.625000
v -0.062500 2.468750 0.625000
v 0.312500 2.468750 0.625000
v 0.312500 2.468750 -0.625000
v 0.250000 2.468750 0.625000
v 0.250000 2.468750 -0.625000
v -0.500000 2.468750 -0.500000
v -0.500000 2.468750 0.500000
v -0.437500 2.468750 -0.500000
v -0.437500 2.468750 0.500000
v 0.437500 2.468750 -0.500000
v 0.437500 2.468750 0.500000
v 0.500000 2.468750 -0.500000
v 0.500000 2.468750 0.500000
v 0.750000 2.250000 0.500000
v 0.750000 2.213388 0.411612
v 0.750000 2.125000 0.375000
v 0.750000 2.036612 0.411612
v 0.750000 2.000000 0.500000
v 0.750000 2.036612 0.588389
v 0.750000 2.125000 0.625000
v 0.750000 2.213388 0.588389
v 1.000000 2.250000 0.500000
v 1.000000 2.213388 0.411612
v 1.000000 2.125000 0.375000
v 1.000000 2.036612 0.411612
v 1.000000 2.000000 0.500000
v 1.000000 2.036612 0.588389
v 1.000000 2.125000 0.625000
v 1.000000 2.213388 0.588389
v 1.176777 2.176777 0.500000
v 1.150888 2.150888 0.411612
v 1.088388 2.088388 0.375000
v 1.025888 2.025888 0.411612
v 1.025888 2.025888 0.588389
v 1.088388 2.088388 0.625000
v 1.150888 2.150888 0.588389
v 1.250000 2.000000 0.500000
v 1.213388 2.000000 0.411612
v 1.125000 2.000000 0.375000
v 1.036612 2.000000 0.411612
v 1.036612 2.000000 0.588389
v 1.125000 2.000000 0.625000
v 1.213388 2.000000 0.588389
v 1.000000 1.000000 0.500000
v 1.250000 1.000000 0.500000
v 1.213388 1.000000 0.411612
v 1.125000 1.000000 0.375000
v 1.036612 1.000000 0.411612
v 1.036612 1.000000 0.588389
v 1.125000 1.000000 0.625000
v 1.213388 1.000000 0.588389
v 0.750000 2.250000 0.250000
v 0.750000 2.213388 0.161612
v 0.750000 2.125000 0.125000
v 0.750000 2.036612 0.161612
v 0.750000 2.000000 0.250000
v 0.750000 2.036612 0.338389
v 0.750000 2.125000 0.375000
v 0.750000 2.213388 0.338389
v 1.000000 2.250000 0.250000
v 1.000000 2.213388 0.161612
v 1.000000 2.125000 0.125000
v 1.000000 2.036612 0.161612
v 1.000000 2.000000 0.250000
v 1.000000 2.036612 0.338389
v 1.000000 2.125000 0.375000
v 1.000000 2.213388 0.338389
v 1.176777 2.176777 0.250000
v 1.150888 2.150888 0.161612
v 1.088388 2.088388 0.125000
v 1.025888 2.025888 0.161612
v 1.025888 2.025888 0.338389
v 1.088388 2.088388 0.375000
v 1.150888 2.150888 0.338389
v 1.250000 2.000000 0.250000
v 1.213388 2.000000 0.161612
v 1.125000 2.000000 0.125000
v 1.036612 2.000000 0.161612
v 1.036612 2.000000 0.338389
v 1.125000 2.000000 0.375000
v 1.213388 2.000000 0.338389
v 1.000000 1.000000 0.250000
v 1.250000 1.000000 0.250000
v 1.213388 1.000000 0.161612
v 1.125000 1.000000 0.125000
v 1.036612 1.000000 0.161612
v 1.036612 1.000000 0.338389
v 1.125000 1.000000 0.375000
v 1.213388 1.000000 0.338389
v 0.750000 2.250000 -0.000000
v 0.750000 2.213388 -0.088388
v 0.750000 2.125000 -0.125000
v 0.750000 2.036612 -0.088388
v 0.750000 2.000000 -0.000000
v 0.750000 2.036612 0.088389
v 0.750000 2.125000 0.125000
v 0.750000 2.213388 0.088389
v 1.000000 2.250000 -0.000000
v 1.000000 2.213388 -0.088388
v 1.000000 2.125000 -0.125000
v 1.000000 2.036612 -0.088388
v 1.000000 2.000000 -0.000000
v 1.000000 2.036612 0.088389
v 1.000000 2.125000 0.125000
v 1.000000 2.213388 0.088389
v 1.176777 2.176777 -0.000000
v 1.150888 2.150888 -0.088388
v 1.088388 2.088388 -0.125000
v 1.025888 2.025888 -0.088388
v 1.025888 2.025888 0.088389
v 1.088388 2.088388 0.125000
v 1.150888 2.150888 0.088389
v 1.250000 2.000000 -0.000000
v 1.213388 2.000000 -0.088388
v 1.125000 2.000000 -0.125000
v 1.036612 2.000000 -0.088388
v 1.036612 2.000000 0.088389
v 1.125000 2.000000 0.125000
v 1.213388 2.000000 0.088389
v 1.000000 1.000000 -0.000000
v 1.250000 1.000000 -0.000000
v 1.213388 1.000000 -0.088388
v 1.125000 1.000000 -0.125000
v 1.036612 1.000000 -0.088388
v 1.036612 1.000000 0.088389
v 1.125000 1.000000 0.125000
v 1.213388 1.000000 0.088389
v 0.750000 2.250000 -0.250000
v 0.750000 2.213388 -0.338388
v 0.750000 2.125000 -0.375000
v 0.750000 2.036612 -0.338388
v 0.750000 2.000000 -0.250000
v 0.750000 2.036612 -0.161611
v 0.750000 2.125000 -0.125000
v 0.750000 2.213388 -0.161611
v 1.000000 2.250000 -0.250000
v 1.000000 2.213388 -0.338388
v 1.000000 2.125000 -0.375000
v 1.000000 2.036612 -0.338388
v 1.000000 2.000000 -0.250000
v 1.000000 2.036612 -0.161611
v 1.000000 2.125000 -0.125000
v 1.000000 2.213388 -0.161611
v 1.176777 2.176777 -0.250000
v 1.150888 2.150888 -0.338388
v 1.088388 2.088388 -0.375000
v 1.025888 2.025888 -0.338388
v 1.025888 2.025888 -0.161611
v 1.088388 2.088388 -0.125000
v 1.150888 2.150888 -0.161611
v 1.250000 2.000000 -0.250000
v 1.213388 2.000000 -0.338388
v 1.125000 2.000000 -0.375000
v 1.036612 2.000000 -0.338388
v 1.036612 2.000000 -0.161611
v 1.125000 2.000000 -0.125000
v 1.213388 2.000000 -0.161611
v 1.000000 1.000000 -0.250000
v 1.250000 1.000000 -0.250000
v 1.213388 1.000000 -0.338388
v 1.125000 1.000000 -0.375000
v 1.036612 1.000000 -0.338388
v 1.036612 1.000000 -0.161611
v 1.125000 1.000000 -0.125000
v 1.213388 1.000000 -0.161611
v 0.750000 2.250000 -0.500000
v 0.750000 2.213388 -0.588388
v 0.750000 2.125000 -0.625000
v 0.750000 2.036612 -0.588388
v 0.750000 2.000000 -0.500000
v 0.750000 2.036612 -0.411611
v 0.750000 2.125000 -0.375000
v 0.750000 2.213388 -0.411611
v 1.000000 2.250000 -0.500000
v 1.000000 2.213388 -0.588388
v 1.000000 2.125000 -0.625000
v 1.000000 2.036612 -0.588388
v 1.000000 2.000000 -0.500000
v 1.000000 2.036612 -0.411611
v 1.000000 2.125000 -0.375000
v 1.000000 2.213388 -0.411611
v 1.176777 2.176777 -0.500000
v 1.150888 2.150888 -0.588388
v 1.088388 2.088388 -0.625000
v 1.025888 2.025888 -0.588388
v 1.025888 2.025888 -0.411611
v 1.088388 2.088388 -0.375000
v 1.150888 2.150888 -0.411611
v 1.250000 2.000000 -0.500000
v 1.213388 2.000000 -0.588388
v 1.125000 2.000000 -0.625000
v 1.036612 2.000000 -0.588388
v 1.036612 2.000000 -0.411611
v 1.125000 2.000000 -0.375000
v 1.213388 2.000000 -0.411611
v 1.000000 1.000000 -0.500000
v 1.250000 1.000000 -0.500000
v 1.213388 1.000000 -0.588388
v 1.125000 1.000000 -0.625000
v 1.036612 1.000000 -0.588388
v 1.036612 1.000000 -0.411611
v 1.125000 1.000000 -0.375000
v 1.213388 1.000000 -0.411611
v -0.750000 2.250000 -0.000000
v -0.750000 2.213388 -0.411612
v -0.750000 2.125000 -0.375000
v -0.750000 2.036612 -0.411612
v -1.000000 2.213388 -0.411611
v -1.000000 2.125000 -0.375000
v -1.000000 2.036612 -0.411611
v -1.150888 2.150888 -0.411611
v -1.088388 2.088388 -0.375000
v -1.025888 2.025888 -0.411611
v -1.213388 2.000000 -0.411611
v -1.125000 2.000000 -0.375000
v -1.036612 2.000000 -0.411611
v -1.213388 1.000000 -0.411611
v -1.125000 1.000000 -0.375000
v -1.036612 1.000000 -0.411611
v -0.750000 2.213388 -0.161611
v -0.750000 2.125000 -0.125000
v -0.750000 2.036612 -0.161611
v -1.000000 2.213388 -0.161611
v -1.000000 2.125000 -0.125000
v -1.000000 2.036612 -0.161611
v -1.150888 2.150888 -0.161611
v -1.088388 2.088388 -0.125000
v -1.025888 2.025888 -0.161611
v -1.213388 2.000000 -0.161611
v -1.125000 2.000000 -0.125000
v -1.036612 2.000000 -0.161611
v -1.213388 1.000000 -0.161611
v -1.125000 1.000000 -0.125000
v -1.036612 1.000000 -0.161611
v -0.750000 2.213388 0.088389
v -0.750000 2.125000 0.125000
v -0.750000 2.036612 0.088389
v -1.000000 2.213388 0.088389
v -1.000000 2.125000 0.125000
v -1.000000 2.036612 0.088389
v -1.150888 2.150888 0.088389
v -1.088388 2.088388 0.125000
v -1.025888 2.025888 0.088389
v -1.213388 2.000000 0.088389
v -1.125000 2.000000 0.125000
v -1.036612 2.000000 0.088389
v -1.213388 1.000000 0.088389
v -1.125000 1.000000 0.125000
v -1.036612 1.000000 0.088389
v -0.750000 2.213388 0.338388
v -0.750000 2.125000 0.375000
v -0.750000 2.036612 0.338388
v -1.000000 2.213388 0.338389
v -1.000000 2.125000 0.375000
v -1.000000 2.036612 0.338389
v -1.150888 2.150888 0.338389
v -1.088388 2.088388 0.375000
v -1.025888 2.025888 0.338389
v -1.213388 2.000000 0.338389
v -1.125000 2.000000 0.375000
v -1.036612 2.000000 0.338389
v -1.213388 1.000000 0.338389
v -1.125000 1.000000 0.375000
v -1.036612 1.000000 0.338389
v -0.750000 2.250000 -0.500000
v -0.750000 2.213388 -0.411612
v -0.750000 2.036612 -0.411612
v -0.750000 2.000000 -0.500000
v -0.750000 2.036612 -0.588388
v -0.750000 2.125000 -0.625000
v -0.750000 2.213388 -0.588388
v -1.000000 2.250000 -0.500000
v -1.000000 2.213388 -0.411611
v -1.000000 2.036612 -0.411611
v -1.000000 2.000000 -0.500000
v -1.000000 2.036612 -0.588388
v -1.000000 2.125000 -0.625000
v -1.000000 2.213388 -0.588388
v -1.176777 2.176777 -0.500000
v -1.150888 2.150888 -0.411611
v -1.025888 2.025888 -0.411611
v -1.025888 2.025888 -0.588388
v -1.088388 2.088388 -0.625000
v -1.150888 2.150888 -0.588388
v -1.250000 2.000000 -0.500000
v -1.213388 2.000000 -0.411611
v -1.036612 2.000000 -0.411611
v -1.036612 2.000000 -0.588388
v -1.125000 2.000000 -0.625000
v -1.213388 2.000000 -0.588388
v -1.000000 1.000000 -0.500000
v -1.250000 1.000000 -0.500000
v -1.213388 1.000000 -0.411611
v -1.036612 1.000000 -0.411611
v -1.036612 1.000000 -0.588388
v -1.125000 1.000000 -0.625000
v -1.213388 1.000000 -0.588388
v -0.750000 2.250000 -0.250000
v -0.750000 2.213388 -0.161611
v -0.750000 2.036612 -0.161611
v -0.750000 2.000000 -0.250000
v -0.750000 2.036612 -0.338388
v -0.750000 2.125000 -0.375000
v -0.750000 2.213388 -0.338388
v -1.000000 2.250000 -0.250000
v -1.000000 2.213388 -0.161611
v -1.000000 2.036612 -0.161611
v -1.000000 2.000000 -0.250000
v -1.000000 2.036612 -0.338388
v -1.000000 2.125000 -0.375000
v -1.000000 2.213388 -0.338388
v -1.176777 2.176777 -0.250000
v -1.150888 2.150888 -0.161611
v -1.025888 2.025888 -0.161611
v -1.025888 2.025888 -0.338388
v -1.088388 2.088388 -0.375000
v -1.150888 2.150888 -0.338388
v -1.250000 2.000000 -0.250000
v -1.213388 2.000000 -0.161611
v -1.036612 2.000000 -0.161611
v -1.036612 2.000000 -0.338388
v -1.125000 2.000000 -0.375000
v -1.213388 2.000000 -0.338388
v -1.000000 1.000000 -0.250000
v -1.250000 1.000000 -0.250000
v -1.213388 1.000000 -0.161611
v -1.036612 1.000000 -0.161611
v -1.036612 1.000000 -0.338388
v -1.125000 1.000000 -0.375000
v -1.213388 1.000000 -0.338388
v -0.750000 2.250000 -0.000000
v -0.750000 2.213388 0.088389
v -0.750000 2.036612 0.088389
v -0.750000 2.000000 -0.000000
v -0.750000 2.036612 -0.088388
v -0.750000 2.125000 -0.125000
v -0.750000 2.213388 -0.088388
v -1.000000 2.250000 -0.000000
v -1.000000 2.213388 0.088389
v -1.000000 2.036612 0.088389
v -1.000000 2.000000 -0.000000
v -1.000000 2.036612 -0.088388
v -1.000000 2.125000 -0.125000
v -1.000000 2.213388 -0.088388
v -1.176777 2.176777 -0.000000
v -1.150888 2.150888 0.088389
v -1.025888 2.025888 0.088389
v -1.025888 2.025888 -0.088388
v -1.088388 2.088388 -0.125000
v -1.150888 2.150888 -0.088388
v -1.250000 2.000000 -0.000000
v -1.213388 2.000000 0.088389
v -1.036612 2.000000 0.088389
v -1.036612 2.000000 -0.088388
v -1.125000 2.000000 -0.125000
v -1.213388 2.000000 -0.088388
v -1.000000 1.000000 -0.000000
v -1.250000 1.000000 -0.000000
v -1.213388 1.000000 0.088389
v -1.036612 1.000000 0.088389
v -1.036612 1.000000 -0.088388
v -1.125000 1.000000 -0.125000
v -1.213388 1.000000 -0.088388
v -0.750000 2.250000 0.250000
v -0.750000 2.213388 0.338388
v -0.750000 2.036612 0.338388
v -0.750000 2.000000 0.250000
v -0.750000 2.036612 0.161612
v -0.750000 2.125000 0.125000
v -0.750000 2.213388 0.161612
v -1.000000 2.250000 0.250000
v -1.000000 2.213388 0.338389
v -1.000000 2.036612 0.338389
v -1.000000 2.000000 0.250000
v -1.000000 2.036612 0.161612
v -1.000000 2.125000 0.125000
v -1.000000 2.213388 0.161612
v -1.176777 2.176777 0.250000
v -1.150888 2.150888 0.338389
v -1.025888 2.025888 0.338389
v -1.025888 2.025888 0.161612
v -1.088388 2.088388 0.125000
v -1.150888 2.150888 0.161612
v -1.250000 2.000000 0.250000
v -1.213388 2.000000 0.338389
v -1.036612 2.000000 0.338389
v -1.036612 2.000000 0.161612
v -1.125000 2.000000 0.125000
v -1.213388 2.000000 0.161612
v -1.000000 1.000000 0.250000
v -1.250000 1.000000 0.250000
v -1.213388 1.000000 0.338389
v -1.036612 1.000000 0.338389
v -1.036612 1.000000 0.161612
v -1.125000 1.000000 0.125000
v -1.213388 1.000000 0.161612
v -0.750000 2.250000 0.500000
v -0.750000 2.213388 0.588389
v -0.750000 2.125000 0.625000
v -0.750000 2.036612 0.588389
v -0.750000 2.000000 0.500000
v -0.750000 2.036612 0.411612
v -0.750000 2.125000 0.375000
v -0.750000 2.213388 0.411612
v -1.000000 2.250000 0.500000
v -1.000000 2.213388 0.588389
v -1.000000 2.125000 0.625000
v -1.000000 2.036612 0.588389
v -1.000000 2.000000 0.500000
v -1.000000 2.036612 0.411612
v -1.000000 2.125000 0.375000
v -1.000000 2.213388 0.411612
v -1.176777 2.176777 0.500000
v -1.150888 2.150888 0.588389
v -1.088388 2.088388 0.625000
v -1.025888 2.025888 0.588389
v -1.025888 2.025888 0.411612
v -1.088388 2.088388 0.375000
v -1.150888 2.150888 0.411612
v -1.250000 2.000000 0.500000
v -1.213388 2.000000 0.588389
v -1.125000 2.000000 0.625000
v -1.036612 2.000000 0.588389
v -1.036612 2.000000 0.411612
v -1.125000 2.000000 0.375000
v -1.213388 2.000000 0.411612
v -1.000000 1.000000 0.500000
v -1.250000 1.000000 0.500000
v -1.213388 1.000000 0.588389
v -1.125000 1.000000 0.625000
v -1.036612 1.000000 0.588389
v -1.036612 1.000000 0.411612
v -1.125000 1.000000 0.375000
v -1.213388 1.000000 0.411612
v -1.500000 0.000000 2.500000
v -1.500000 1.000000 2.500000
v -1.500000 0.000000 -2.500000
v -1.500000 1.000000 -2.500000
v 1.500000 0.000000 2.500000
v 1.500000 1.000000 2.500000
v 1.500000 0.000000 -2.500000
v 1.500000 1.000000 -2.500000
v 0.000000 1.000000 1.500000
v -0.250000 1.000000 1.566987
v -0.433013 1.000000 1.750000
v -0.500000 1.000000 2.000000
v -0.433013 1.000000 2.250000
v -0.250000 1.000000 2.433013
v 0.000000 1.000000 2.500000
v 0.250000 1.000000 2.433013
v 0.433013 1.000000 2.250000
v 0.500000 1.000000 2.000000
v 0.433013 1.000000 1.750000
v 0.250000 1.000000 1.566988
v -0.250000 2.750000 1.566987
v 0.000000 2.750000 1.500000
v -0.433013 2.750000 1.750000
v -0.500000 2.750000 2.000000
v -0.433013 2.750000 2.250000
v -0.250000 2.750000 2.433013
v 0.000000 2.750000 2.500000
v 0.250000 2.750000 2.433013
v 0.433013 2.750000 2.250000
v 0.500000 2.750000 2.000000
v 0.433013 2.750000 1.750000
v 0.250000 2.750000 1.566988
v -1.000000 1.000000 1.500000
v -1.250000 1.000000 1.566987
v -1.433013 1.000000 1.750000
v -1.500000 1.000000 2.000000
v -1.433013 1.000000 2.250000
v -1.250000 1.000000 2.433013
v -1.000000 1.000000 2.500000
v -0.750000 1.000000 2.433013
v -0.566987 1.000000 2.250000
v -0.500000 1.000000 2.000000
v -0.566987 1.000000 1.750000
v -0.750000 1.000000 1.566988
v -1.250000 2.750000 1.566987
v -1.000000 2.750000 1.500000
v -1.433013 2.750000 1.750000
v -1.500000 2.750000 2.000000
v -1.433013 2.750000 2.250000
v -1.250000 2.750000 2.433013
v -1.000000 2.750000 2.500000
v -0.750000 2.750000 2.433013
v -0.566987 2.750000 2.250000
v -0.500000 2.750000 2.000000
v -0.566987 2.750000 1.750000
v -0.750000 2.750000 1.566988
v 1.000000 1.000000 1.500000
v 0.750000 1.000000 1.566987
v 0.566987 1.000000 1.750000
v 0.500000 1.000000 2.000000
v 0.566987 1.000000 2.250000
v 0.750000 1.000000 2.433013
v 1.000000 1.000000 2.500000
v 1.250000 1.000000 2.433013
v 1.433013 1.000000 2.250000
v 1.500000 1.000000 2.000000
v 1.433013 1.000000 1.750000
v 1.250000 1.000000 1.566988
v 0.750000 2.750000 1.566987
v 1.000000 2.750000 1.500000
v 0.566987 2.750000 1.750000
v 0.500000 2.750000 2.000000
v 0.566987 2.750000 2.250000
v 0.750000 2.750000 2.433013
v 1.000000 2.750000 2.500000
v 1.250000 2.750000 2.433013
v 1.433013 2.750000 2.250000
v 1.500000 2.750000 2.000000
v 1.433013 2.750000 1.750000
v 1.250000 2.750000 1.566988
v -0.036612 2.786612 1.750000
v 0.000000 2.875000 1.750000
v -0.036612 2.963388 1.750000
v -0.036612 2.786612 1.375000
v 0.000000 2.875000 1.375000
v -0.036612 2.963388 1.375000
v -0.036612 2.775888 1.349112
v 0.000000 2.838388 1.286612
v -0.036612 2.900888 1.224112
v -0.036612 2.750000 1.338388
v 0.000000 2.750000 1.250000
v -0.036612 2.750000 1.161612
v -0.036612 1.250000 1.338388
v 0.000000 1.250000 1.250000
v -0.036612 1.250000 1.161612
v -0.036612 1.099112 1.275888
v 0.000000 1.161612 1.213388
v -0.036612 1.224112 1.150888
v -0.036612 1.036612 1.125000
v 0.000000 1.125000 1.125000
v -0.036612 1.213388 1.125000
v -0.036612 1.036612 1.000000
v 0.000000 1.125000 1.000000
v -0.036612 1.213388 1.000000
v -0.125000 3.000000 1.750000
v -0.213388 2.963388 1.750000
v -0.250000 2.875000 1.750000
v -0.213388 2.786612 1.750000
v -0.125000 2.750000 1.750000
v -0.036612 2.786612 1.750000
v -0.036612 2.963388 1.750000
v -0.125000 3.000000 1.375000
v -0.213388 2.963388 1.375000
v -0.250000 2.875000 1.375000
v -0.213388 2.786612 1.375000
v -0.125000 2.750000 1.375000
v -0.036612 2.786612 1.375000
v -0.036612 2.963388 1.375000
v -0.125000 2.926776 1.198223
v -0.213389 2.900888 1.224112
v -0.250000 2.838388 1.286612
v -0.213388 2.775888 1.349112
v -0.036612 2.775888 1.349112
v -0.036612 2.900888 1.224112
v -0.125000 2.750000 1.125000
v -0.213388 2.750000 1.161612
v -0.250000 2.750000 1.250000
v -0.213388 2.750000 1.338388
v -0.036612 2.750000 1.338388
v -0.036612 2.750000 1.161612
v -0.125000 1.250000 1.375000
v -0.125000 1.250000 1.125000
v -0.213388 1.250000 1.161612
v -0.250000 1.250000 1.250000
v -0.213388 1.250000 1.338388
v -0.036612 1.250000 1.338388
v -0.036612 1.250000 1.161612
v -0.125000 1.073223 1.301777
v -0.213388 1.224112 1.150888
v -0.250000 1.161612 1.213388
v -0.213388 1.099112 1.275888
v -0.036612 1.099112 1.275888
v -0.036612 1.224112 1.150888
v -0.125000 1.000000 1.125000
v -0.213388 1.213388 1.125000
v -0.250000 1.125000 1.125000
v -0.213388 1.036612 1.125000
v -0.036612 1.036612 1.125000
v -0.036612 1.213388 1.125000
v -0.125000 1.250000 1.000000
v -0.125000 1.000000 1.000000
v -0.213388 1.213388 1.000000
v -0.250000 1.125000 1.000000
v -0.213388 1.036612 1.000000
v -0.036612 1.036612 1.000000
v -0.036612 1.213388 1.000000
v 0.125000 3.000000 1.750000
v 0.036612 2.963388 1.750000
v 0.000000 2.875000 1.750000
v 0.036612 2.786612 1.750000
v 0.125000 2.750000 1.750000
v 0.213388 2.786612 1.750000
v 0.250000 2.875000 1.750000
v 0.213388 2.963388 1.750000
v 0.125000 3.000000 1.375000
v 0.036612 2.963388 1.375000
v 0.000000 2.875000 1.375000
v 0.036612 2.786612 1.375000
v 0.125000 2.750000 1.375000
v 0.213388 2.786612 1.375000
v 0.250000 2.875000 1.375000
v 0.213388 2.963388 1.375000
v 0.125000 2.926776 1.198223
v 0.036612 2.900888 1.224112
v 0.000000 2.838388 1.286612
v 0.036612 2.775888 1.349112
v 0.213388 2.775888 1.349112
v 0.250000 2.838388 1.286612
v 0.213388 2.900888 1.224112
v 0.125000 2.750000 1.125000
v 0.036612 2.750000 1.161612
v 0.000000 2.750000 1.250000
v 0.036612 2.750000 1.338388
v 0.213388 2.750000 1.338388
v 0.250000 2.750000 1.250000
v 0.213388 2.750000 1.161612
v 0.125000 1.250000 1.375000
v 0.125000 1.250000 1.125000
v 0.036612 1.250000 1.161612
v 0.000000 1.250000 1.250000
v 0.036612 1.250000 1.338388
v 0.213388 1.250000 1.338388
v 0.250000 1.250000 1.250000
v 0.213388 1.250000 1.161612
v 0.125000 1.073223 1.301777
v 0.036612 1.224112 1.150888
v 0.000000 1.161612 1.213388
v 0.036612 1.099112 1.275888
v 0.213388 1.099112 1.275888
v 0.250000 1.161612 1.213388
v 0.213388 1.224112 1.150888
v 0.125000 1.000000 1.125000
v 0.036612 1.213388 1.125000
v 0.000000 1.125000 1.125000
v 0.036612 1.036612 1.125000
v 0.213388 1.036612 1.125000
v 0.250000 1.125000 1.125000
v 0.213388 1.213388 1.125000
v 0.125000 1.250000 1.000000
v 0.125000 1.000000 1.000000
v 0.036612 1.213388 1.000000
v 0.000000 1.125000 1.000000
v 0.036612 1.036612 1.000000
v 0.213388 1.036612 1.000000
v 0.250000 1.125000 1.000000
v 0.213388 1.213388 1.000000
v -0.250000 2.750000 1.750000
v -0.250000 2.750000 2.250000
v 0.250000 2.750000 1.750000
v 0.250000 2.750000 2.250000
v 0.250000 3.000000 1.750000
v -0.250000 3.000000 1.750000
v -0.250000 3.000000 2.250000
v 0.250000 3.000000 2.250000
v 0.963388 2.786612 1.750000
v 1.000000 2.875000 1.750000
v 0.963388 2.963388 1.750000
v 0.963388 2.786612 1.375000
v 1.000000 2.875000 1.375000
v 0.963388 2.963388 1.375000
v 0.963388 2.775888 1.349112
v 1.000000 2.838388 1.286612
v 0.963388 2.900888 1.224112
v 0.963388 2.750000 1.338388
v 1.000000 2.750000 1.250000
v 0.963388 2.750000 1.161612
v 0.963388 1.250000 1.338388
v 1.000000 1.250000 1.250000
v 0.963388 1.250000 1.161612
v 0.963388 1.099112 1.275888
v 1.000000 1.161612 1.213388
v 0.963388 1.224112 1.150888
v 0.963388 1.036612 1.125000
v 1.000000 1.125000 1.125000
v 0.963388 1.213388 1.125000
v 0.963388 1.036612 1.000000
v 1.000000 1.125000 1.000000
v 0.963388 1.213388 1.000000
v 0.875000 3.000000 1.750000
v 0.786612 2.963388 1.750000
v 0.750000 2.875000 1.750000
v 0.786612 2.786612 1.750000
v 0.875000 2.750000 1.750000
v 0.963388 2.786612 1.750000
v 0.963388 2.963388 1.750000
v 0.875000 3.000000 1.375000
v 0.786612 2.963388 1.375000
v 0.750000 2.875000 1.375000
v 0.786612 2.786612 1.375000
v 0.875000 2.750000 1.375000
v 0.963388 2.786612 1.375000
v 0.963388 2.963388 1.375000
v 0.875000 2.926776 1.198223
v 0.786611 2.900888 1.224112
v 0.750000 2.838388 1.286612
v 0.786612 2.775888 1.349112
v 0.963388 2.775888 1.349112
v 0.963388 2.900888 1.224112
v 0.875000 2.750000 1.125000
v 0.786612 2.750000 1.161612
v 0.750000 2.750000 1.250000
v 0.786612 2.750000 1.338388
v 0.963388 2.750000 1.338388
v 0.963388 2.750000 1.161612
v 0.875000 1.250000 1.375000
v 0.875000 1.250000 1.125000
v 0.786612 1.250000 1.161612
v 0.750000 1.250000 1.250000
v 0.786612 1.250000 1.338388
v 0.963388 1.250000 1.338388
v 0.963388 1.250000 1.161612
v 0.875000 1.073223 1.301777
v 0.786612 1.224112 1.150888
v 0.750000 1.161612 1.213388
v 0.786612 1.099112 1.275888
v 0.963388 1.099112 1.275888
v 0.963388 1.224112 1.150888
v 0.875000 1.000000 1.125000
v 0.786612 1.213388 1.125000
v 0.750000 1.125000 1.125000
v 0.786612 1.036612 1.125000
v 0.963388 1.036612 1.125000
v 0.963388 1.213388 1.125000
v 0.875000 1.250000 1.000000
v 0.875000 1.000000 1.000000
v 0.786612 1.213388 1.000000
v 0.750000 1.125000 1.000000
v 0.786612 1.036612 1.000000
v 0.963388 1.036612 1.000000
v 0.963388 1.213388 1.000000
v 1.125000 3.000000 1.750000
v 1.036612 2.963388 1.750000
v 1.000000 2.875000 1.750000
v 1.036612 2.786612 1.750000
v 1.125000 2.750000 1.750000
v 1.213388 2.786612 1.750000
v 1.250000 2.875000 1.750000
v 1.213388 2.963388 1.750000
v 1.125000 3.000000 1.375000
v 1.036612 2.963388 1.375000
v 1.000000 2.875000 1.375000
v 1.036612 2.786612 1.375000
v 1.125000 2.750000 1.375000
v 1.213388 2.786612 1.375000
v 1.250000 2.875000 1.375000
v 1.213388 2.963388 1.375000
v 1.125000 2.926776 1.198223
v 1.036612 2.900888 1.224112
v 1.000000 2.838388 1.286612
v 1.036612 2.775888 1.349112
v 1.213388 2.775888 1.349112
v 1.250000 2.838388 1.286612
v 1.213388 2.900888 1.224112
v 1.125000 2.750000 1.125000
v 1.036612 2.750000 1.161612
v 1.000000 2.750000 1.250000
v 1.036612 2.750000 1.338388
v 1.213388 2.750000 1.338388
v 1.250000 2.750000 1.250000
v 1.213388 2.750000 1.161612
v 1.125000 1.250000 1.375000
v 1.125000 1.250000 1.125000
v 1.036612 1.250000 1.161612
v 1.000000 1.250000 1.250000
v 1.036612 1.250000 1.338388
v 1.213388 1.250000 1.338388
v 1.250000 1.250000 1.250000
v 1.213388 1.250000 1.161612
v 1.125000 1.073223 1.301777
v 1.036612 1.224112 1.150888
v 1.000000 1.161612 1.213388
v 1.036612 1.099112 1.275888
v 1.213388 1.099112 1.275888
v 1.250000 1.161612 1.213388
v 1.213388 1.224112 1.150888
v 1.125000 1.000000 1.125000
v 1.036612 1.213388 1.125000
v 1.000000 1.125000 1.125000
v 1.036612 1.036612 1.125000
v 1.213388 1.036612 1.125000
v 1.250000 1.125000 1.125000
v 1.213388 1.213388 1.125000
v 1.125000 1.250000 1.000000
v 1.125000 1.000000 1.000000
v 1.036612 1.213388 1.000000
v 1.000000 1.125000 1.000000
v 1.036612 1.036612 1.000000
v 1.213388 1.036612 1.000000
v 1.250000 1.125000 1.000000
v 1.213388 1.213388 1.000000
v 0.750000 2.750000 1.750000
v 0.750000 2.750000 2.250000
v 1.250000 2.750000 1.750000
v 1.250000 2.750000 2.250000
v 1.250000 3.000000 1.750000
v 0.750000 3.000000 1.750000
v 0.750000 3.000000 2.250000
v 1.250000 3.000000 2.250000
v -1.036612 2.786612 1.750000
v -1.000000 2.875000 1.750000
v -1.036612 2.963388 1.750000
v -1.036612 2.786612 1.375000
v -1.000000 2.875000 1.375000
v -1.036612 2.963388 1.375000
v -1.036612 2.775888 1.349112
v -1.000000 2.838388 1.286612
v -1.036612 2.900888 1.224112
v -1.036612 2.750000 1.338388
v -1.000000 2.750000 1.250000
v -1.036612 2.750000 1.161612
v -1.036612 1.250000 1.338388
v -1.000000 1.250000 1.250000
v -1.036612 1.250000 1.161612
v -1.036612 1.099112 1.275888
v -1.000000 1.161612 1.213388
v -1.036612 1.224112 1.150888
v -1.036612 1.036612 1.125000
v -1.000000 1.125000 1.125000
v -1.036612 1.213388 1.125000
v -1.036612 1.036612 1.000000
v -1.000000 1.125000 1.000000
v -1.036612 1.213388 1.000000
v -1.125000 3.000000 1.750000
v -1.213388 2.963388 1.750000
v -1.250000 2.875000 1.750000
v -1.213388 2.786612 1.750000
v -1.125000 2.750000 1.750000
v -1.036612 2.786612 1.750000
v -1.036612 2.963388 1.750000
v -1.125000 3.000000 1.375000
v -1.213388 2.963388 1.375000
v -1.250000 2.875000 1.375000
v -1.213388 2.786612 1.375000
v -1.125000 2.750000 1.375000
v -1.036612 2.786612 1.375000
v -1.036612 2.963388 1.375000
v -1.125000 2.926776 1.198223
v -1.213389 2.900888 1.224112
v -1.250000 2.838388 1.286612
v -1.213388 2.775888 1.349112
v -1.036612 2.775888 1.349112
v -1.036612 2.900888 1.224112
v -1.125000 2.750000 1.125000
v -1.213388 2.750000 1.161612
v -1.250000 2.750000 1.250000
v -1.213388 2.750000 1.338388
v -1.036612 2.750000 1.338388
v -1.036612 2.750000 1.161612
v -1.125000 1.250000 1.375000
v -1.125000 1.250000 1.125000
v -1.213388 1.250000 1.161612
v -1.250000 1.250000 1.250000
v -1.213388 1.250000 1.338388
v -1.036612 1.250000 1.338388
v -1.036612 1.250000 1.161612
v -1.125000 1.073223 1.301777
v -1.213388 1.224112 1.150888
v -1.250000 1.161612 1.213388
v -1.213388 1.099112 1.275888
v -1.036612 1.099112 1.275888
v -1.036612 1.224112 1.150888
v -1.125000 1.000000 1.125000
v -1.213388 1.213388 1.125000
v -1.250000 1.125000 1.125000
v -1.213388 1.036612 1.125000
v -1.036612 1.036612 1.125000
v -1.036612 1.213388 1.125000
v -1.125000 1.250000 1.000000
v -1.125000 1.000000 1.000000
v -1.213388 1.213388 1.000000
v -1.250000 1.125000 1.000000
v -1.213388 1.036612 1.000000
v -1.036612 1.036612 1.000000
v -1.036612 1.213388 1.000000
v -0.875000 3.000000 1.750000
v -0.963388 2.963388 1.750000
v -1.000000 2.875000 1.750000
v -0.963388 2.786612 1.750000
v -0.875000 2.750000 1.750000
v -0.786612 2.786612 1.750000
v -0.750000 2.875000 1.750000
v -0.786612 2.963388 1.750000
v -0.875000 3.000000 1.375000
v -0.963388 2.963388 1.375000
v -1.000000 2.875000 1.375000
v -0.963388 2.786612 1.375000
v -0.875000 2.750000 1.375000
v -0.786612 2.786612 1.375000
v -0.750000 2.875000 1.375000
v -0.786612 2.963388 1.375000
v -0.875000 2.926776 1.198223
v -0.963388 2.900888 1.224112
v -1.000000 2.838388 1.286612
v -0.963388 2.775888 1.349112
v -0.786612 2.775888 1.349112
v -0.750000 2.838388 1.286612
v -0.786612 2.900888 1.224112
v -0.875000 2.750000 1.125000
v -0.963388 2.750000 1.161612
v -1.000000 2.750000 1.250000
v -0.963388 2.750000 1.338388
v -0.786612 2.750000 1.338388
v -0.750000 2.750000 1.250000
v -0.786612 2.750000 1.161612
v -0.875000 1.250000 1.375000
v -0.875000 1.250000 1.125000
v -0.963388 1.250000 1.161612
v -1.000000 1.250000 1.250000
v -0.963388 1.250000 1.338388
v -0.786612 1.250000 1.338388
v -0.750000 1.250000 1.250000
v -0.786612 1.250000 1.161612
v -0.875000 1.073223 1.301777
v -0.963388 1.224112 1.150888
v -1.000000 1.161612 1.213388
v -0.963388 1.099112 1.275888
v -0.786612 1.099112 1.275888
v -0.750000 1.161612 1.213388
v -0.786612 1.224112 1.150888
v -0.875000 1.000000 1.125000
v -0.963388 1.213388 1.125000
v -1.000000 1.125000 1.125000
v -0.963388 1.036612 1.125000
v -0.786612 1.036612 1.125000
v -0.750000 1.125000 1.125000
v -0.786612 1.213388 1.125000
v -0.875000 1.250000 1.000000
v -0.875000 1.000000 1.000000
v -0.963388 1.213388 1.000000
v -1.000000 1.125000 1.000000
v -0.963388 1.036612 1.000000
v -0.786612 1.036612 1.000000
v -0.750000 1.125000 1.000000
v -0.786612 1.213388 1.000000
v -1.250000 2.750000 1.750000
v -1.250000 2.750000 2.250000
v -0.750000 2.750000 1.750000
v -0.750000 2.750000 2.250000
v -0.750000 3.000000 1.750000
v -1.250000 3.000000 1.750000
v -1.250000 3.000000 2.250000
v -0.750000 3.000000 2.250000
v -1.125000 1.125000 0.875000
v -1.250000 1.125000 1.000000
v -1.213388 1.213388 1.000000
v -1.125000 1.250000 1.000000
v -1.036612 1.213388 1.000000
v -1.000000 1.125000 1.000000
v -1.036612 1.036612 1.000000
v -1.125000 1.000000 1.000000
v -1.213388 1.036612 1.000000
v -1.176777 1.125000 0.823223
v -1.150888 1.213388 0.849112
v -1.088388 1.250000 0.911612
v -1.025888 1.213388 0.974112
v -1.025888 1.036612 0.974112
v -1.088388 1.000000 0.911612
v -1.150888 1.036612 0.849112
v -1.000000 1.125000 0.750000
v -1.000000 1.213388 0.786612
v -1.000000 1.250000 0.875000
v -1.000000 1.213388 0.963388
v -1.000000 1.036612 0.963388
v -1.000000 1.000000 0.875000
v -1.000000 1.036612 0.786612
v 1.125000 1.125000 0.875000
v 1.250000 1.125000 1.000000
v 1.213388 1.213388 1.000000
v 1.125000 1.250000 1.000000
v 1.036612 1.213388 1.000000
v 1.000000 1.125000 1.000000
v 1.036612 1.036612 1.000000
v 1.125000 1.000000 1.000000
v 1.213388 1.036612 1.000000
v 1.176777 1.125000 0.823223
v 1.150888 1.213388 0.849112
v 1.088388 1.250000 0.911612
v 1.025888 1.213388 0.974112
v 1.025888 1.036612 0.974112
v 1.088388 1.000000 0.911612
v 1.150888 1.036612 0.849112
v 1.000000 1.125000 0.750000
v 1.000000 1.213388 0.786612
v 1.000000 1.250000 0.875000
v 1.000000 1.213388 0.963388
v 1.000000 1.036612 0.963388
v 1.000000 1.000000 0.875000
v 1.000000 1.036612 0.786612
v 0.000000 1.562500 -2.500000
v -0.250000 1.562500 -2.433013
v -0.433013 1.562500 -2.250000
v -0.500000 1.562500 -2.000000
v -0.433013 1.562500 -1.750000
v -0.250000 1.562500 -1.566987
v 0.000000 1.562500 -1.500000
v 0.250000 1.562500 -1.566987
v 0.433013 1.562500 -1.750000
v 0.500000 1.562500 -2.000000
v 0.433013 1.562500 -2.250000
v 0.250000 1.562500 -2.433012
v -0.250000 2.875000 -2.433013
v 0.000000 2.875000 -2.500000
v -0.433013 2.875000 -2.250000
v -0.500000 2.875000 -2.000000
v -0.433013 2.875000 -1.750000
v -0.250000 2.875000 -1.566987
v 0.000000 2.875000 -1.500000
v 0.250000 2.875000 -1.566987
v 0.433013 2.875000 -1.750000
v 0.500000 2.875000 -2.000000
v 0.433013 2.875000 -2.250000
v 0.250000 2.875000 -2.433012
v -0.500000 1.000000 -1.500000
v -0.500000 1.562500 -1.500000
v -0.500000 1.000000 -2.500000
v -0.500000 1.562500 -2.500000
v 0.500000 1.000000 -1.500000
v 0.500000 1.562500 -1.500000
v 0.500000 1.000000 -2.500000
v 0.500000 1.562500 -2.500000
v 0.125000 1.250000 -1.500000
v 0.125000 1.250000 -1.000000
v 0.213388 1.213388 -1.500000
v 0.213388 1.213388 -1.000000
v 0.250000 1.125000 -1.500000
v 0.250000 1.125000 -1.000000
v 0.213388 1.036612 -1.500000
v 0.213388 1.036612 -1.000000
v 0.125000 1.000000 -1.500000
v 0.125000 1.000000 -1.000000
v 0.036612 1.036612 -1.500000
v 0.036612 1.036612 -1.000000
v 0.000000 1.125000 -1.500000
v 0.000000 1.125000 -1.000000
v 0.036612 1.213388 -1.500000
v 0.036612 1.213388 -1.000000
v -0.125000 1.250000 -1.500000
v -0.125000 1.250000 -1.000000
v -0.036612 1.213388 -1.500000
v -0.036612 1.213388 -1.000000
v 0.000000 1.125000 -1.500000
v 0.000000 1.125000 -1.000000
v -0.036612 1.036612 -1.500000
v -0.036612 1.036612 -1.000000
v -0.125000 1.000000 -1.500000
v -0.125000 1.000000 -1.000000
v -0.213388 1.036612 -1.500000
v -0.213388 1.036612 -1.000000
v -0.250000 1.125000 -1.500000
v -0.250000 1.125000 -1.000000
v -0.213388 1.213388 -1.500000
v -0.213388 1.213388 -1.000000
vn -0.0000 -0.0000 1.0000
vn -0.3827 -0.0000 0.9239
vn 0.0196 0.0473 -0.9987
vn -0.0000 0.7071 -0.7071
vn 0.1448 0.7194 -0.6794
vn 0.0196 0.0473 0.9987
vn -0.0000 -0.7071 0.7071
vn -0.1363 -0.6737 0.7263
vn -0.1448 0.7194 -0.6794
vn -0.0000 -0.0000 -1.0000
vn -0.0196 0.0473 -0.9987
vn 0.3769 -0.9100 0.1728
vn -0.0000 -1.0000 -0.0000
vn -0.6794 0.7194 -0.1448
vn -0.0000 1.0000 -0.0000
vn -0.0000 0.9824 -0.1866
vn 0.1866 0.9824 -0.0000
vn -0.7263 -0.6737 0.1363
vn -1.0000 -0.0000 -0.0000
vn -0.9987 0.0473 -0.0196
vn -0.7071 -0.7071 -0.0000
vn 0.7071 -0.0000 0.7071
vn 0.3827 -0.0000 0.9239
vn 0.9239 -0.0000 0.3827
vn 0.7071 -0.7071 -0.0000
vn 0.9100 -0.1728 0.3769
vn -0.0473 0.0196 0.9987
vn -0.3818 0.0683 0.9217
vn 0.3827 -0.0000 -0.9239
vn 0.9217 0.3818 -0.0683
vn 1.0000 -0.0000 -0.0000
vn 0.9987 0.0473 -0.0196
vn -0.7071 -0.0000 0.7071
vn -0.7194 0.1448 0.6794
vn 0.7263 -0.6737 0.1363
vn 0.9217 -0.0683 0.3818
vn 0.9987 0.0196 -0.0473
vn 0.9204 -0.0866 0.3812
vn -0.6794 -0.1448 0.7194
vn -0.7263 -0.1363 0.6737
vn 0.7071 -0.0000 -0.7071
vn 0.9239 -0.0000 -0.3827
vn 0.0473 0.0196 0.9987
vn -0.6737 -0.1363 0.7263
vn 0.3757 -0.9071 0.1898
vn -0.0000 -0.9824 0.1866
vn -0.1448 0.7194 0.6794
vn -0.1866 0.9824 -0.0000
vn -0.6737 -0.1363 -0.7263
vn 0.0473 0.0196 -0.9987
vn -0.7263 0.6737 -0.1363
vn -0.7071 0.7071 -0.0000
vn -0.9987 -0.0473 0.0196
vn -0.6794 -0.7194 0.1448
vn 0.9987 -0.0196 0.0473
vn 0.6794 0.1448 -0.7194
vn 0.3769 0.1728 -0.9100
vn -0.0000 0.1866 -0.9824
vn 0.3757 0.1898 -0.9071
vn 0.7071 0.7071 -0.0000
vn 0.7263 0.6737 -0.1363
vn 0.7194 0.1448 -0.6794
vn 0.6737 -0.1363 -0.7263
vn 0.6794 0.7194 -0.1448
vn -0.0000 -0.7071 -0.7071
vn -0.1363 -0.6737 -0.7263
vn 0.1363 -0.6737 -0.7263
vn -0.6794 0.1448 -0.7194
vn 0.7194 0.1448 0.6794
vn -0.0000 0.7071 0.7071
vn 0.1448 0.7194 0.6794
vn -0.9987 -0.0196 0.0473
vn -0.9987 0.0196 -0.0473
vn 0.5000 -0.0000 -0.8660
vn -0.0000 -0.9239 0.3827
vn 0.1728 -0.9100 0.3769
vn 0.9239 -0.3827 -0.0000
vn 0.9204 -0.3812 0.0866
vn -0.5293 0.5293 0.6630
vn -0.0196 0.0473 0.9987
vn 0.0671 0.0671 -0.9955
vn 0.5293 0.5293 -0.6630
vn 0.5293 0.5293 0.6630
vn -0.0671 0.0671 0.9955
vn 0.0866 -0.3812 0.9204
vn -0.5293 0.5293 -0.6630
vn -0.4617 -0.4617 -0.7574
vn 0.5293 -0.6630 -0.5293
vn 0.9817 -0.0000 -0.1903
vn 0.7194 -0.6793 -0.1453
vn 0.3812 -0.0866 0.9204
vn 0.2706 -0.2706 0.9239
vn -0.4617 -0.4617 0.7574
vn 0.9824 0.1866 -0.0000
vn -0.9239 -0.0000 0.3827
vn -0.0000 0.3827 0.9239
vn -0.0683 0.3818 0.9217
vn -0.0000 -0.1866 0.9824
vn 0.7263 -0.1363 0.6737
vn -0.2706 0.2706 0.9239
vn 0.9955 0.0671 -0.0671
vn 0.9239 -0.2706 0.2706
vn -0.6533 0.6533 0.3827
vn -0.1898 0.9071 0.3757
vn 0.0671 0.0671 0.9955
vn -0.0473 0.0196 -0.9987
vn -0.0671 0.0671 -0.9955
vn -0.6630 -0.5293 0.5293
vn -0.9824 0.1866 -0.0000
vn -0.9239 -0.0000 -0.3827
vn -0.9071 0.1898 0.3757
vn -0.7071 -0.0000 -0.7071
vn -0.7194 0.1448 -0.6794
vn 0.1363 -0.6737 0.7263
vn 0.9987 -0.0473 0.0196
vn 0.9217 -0.3818 0.0683
vn -0.9955 -0.0671 0.0671
vn -0.7574 0.4617 -0.4617
vn 0.9204 0.3812 -0.0866
vn 0.7263 0.1363 -0.6737
vn -0.9955 0.0671 -0.0671
vn -0.7574 -0.4617 0.4617
vn 0.7574 -0.4617 0.4617
vn 0.6737 -0.1363 0.7263
vn 0.6794 -0.1448 0.7194
vn -0.6630 0.5293 -0.5293
vn -0.3827 -0.0000 -0.9239
vn 0.9217 0.0683 -0.3818
vn -0.7263 0.1363 -0.6737
vn -0.0000 0.9239 0.3827
vn 0.4617 -0.4617 -0.7574
vn 0.6533 -0.6533 0.3827
vn 0.5000 -0.0000 0.8660
vn -0.5000 -0.0000 0.8660
vn -0.5000 -0.0000 -0.8660
vn 0.3827 0.9239 -0.0000
vn 0.3769 0.9100 -0.1728
vn 0.6794 -0.7194 0.1448
vn 0.4617 -0.4617 0.7574
vn 0.8660 -0.0000 -0.5000
vn -0.8660 -0.0000 -0.5000
vn 0.8660 -0.0000 0.5000
vn -0.8660 -0.0000 0.5000
vn -0.5293 -0.6630 -0.5293
vn -0.0393 -0.9947 -0.0948
vn -0.0671 -0.9955 -0.0671
vn 0.4827 -0.4727 0.7373
vn 0.4763 -0.4775 -0.7383
vn 0.0478 -0.9987 -0.0198
vn 0.0671 -0.9955 -0.0671
vn 0.9239 0.2706 -0.2706
vn -0.2611 -0.7311 0.6303
vn -0.4617 -0.7574 0.4617
vn 0.9955 -0.0671 0.0671
vn 0.9204 0.0866 -0.3812
vn 0.3827 -0.6533 0.6533
vn 0.3769 -0.1728 0.9100
vn -0.9817 -0.0000 -0.1903
vn -0.7194 -0.6792 -0.1453
vn 0.6630 -0.5293 0.5293
vn -0.2611 0.7311 0.6303
vn 0.0671 0.9955 -0.0671
vn 0.0393 0.9947 -0.0948
vn -0.2962 -0.6333 -0.7150
vn 0.3827 0.6533 -0.6533
vn 0.6630 0.5293 -0.5293
vn 0.6736 0.7263 0.1366
vn -0.0671 0.9955 -0.0671
vn -0.0478 0.9987 -0.0198
vn 0.3757 -0.1898 0.9071
vn 0.7574 0.4617 -0.4617
vn 0.3757 0.9071 -0.1898
vn -0.6737 0.7263 0.1365
vn 0.0478 0.9987 -0.0198
vn 0.5293 0.6630 -0.5293
vn 0.2962 0.6333 -0.7150
vn -0.5293 0.6630 -0.5293
vn -0.7194 0.6793 -0.1453
vn 0.6737 -0.7263 0.1365
vn -0.0478 -0.9987 -0.0198
vn 0.7194 0.6793 -0.1453
vn -0.6737 -0.7263 0.1365
vn 0.0393 -0.9947 -0.0948
vn 0.2611 -0.7311 0.6303
vn 0.4617 -0.7574 0.4617
vn 0.9810 0.0003 0.1941
vn 0.9810 -0.0003 0.1941
vn 0.4617 0.7574 0.4617
vn 0.2611 0.7311 0.6303
vn -0.0393 0.9947 -0.0948
vn -0.4617 0.7574 0.4617
vn -0.9810 -0.0003 0.1941
vn -0.9810 0.0003 0.1941
vn -0.0000 0.7764 0.6303
vn 0.5490 0.5490 -0.6303
vn -0.0000 0.7764 -0.6303
vn 0.5490 0.5490 0.6303
vn 0.7764 -0.0000 -0.6303
vn 0.7764 -0.0000 0.6303
vn 0.5490 -0.5490 -0.6303
vn 0.5490 -0.5490 0.6303
vn -0.0000 -0.7764 -0.6303
vn -0.0000 -0.7764 0.6303
vn -0.5490 -0.5490 -0.6303
vn -0.5490 -0.5490 0.6303
vn -0.7764 -0.0000 -0.6303
vn -0.7764 -0.0000 0.6303
vn -0.5490 0.5490 -0.6303
vn -0.5490 0.5490 0.6303
vn 0.3827 -0.9239 -0.0000
vn 0.9239 0.3827 -0.0000
vn -0.0000 -0.3827 0.9239
vn 0.7732 -0.4855 0.4080
vn 0.2962 -0.6333 -0.7150
vn -0.2962 0.6333 -0.7150
vn -0.2598 0.8149 -0.5181
vn -0.4841 0.8149 -0.3188
vn -0.2598 0.8149 0.5181
vt 0.187500 0.218750
vt 0.171875 0.203125
vt 0.187500 0.203125
vt 0.164062 0.414062
vt 0.140625 0.437500
vt 0.140625 0.414062
vt 0.046875 0.414062
vt 0.019531 0.437500
vt 0.019531 0.414062
vt 0.085938 0.414062
vt 0.046875 0.437500
vt 0.123820 0.445490
vt 0.114820 0.441972
vt 0.123820 0.441972
vt 0.091425 0.478295
vt 0.082425 0.474778
vt 0.091425 0.474778
vt 0.113281 0.437500
vt 0.113281 0.414062
vt 0.123820 0.466594
vt 0.114820 0.463077
vt 0.123820 0.463077
vt 0.091425 0.488847
vt 0.082425 0.485330
vt 0.091425 0.485330
vt 0.078125 0.226807
vt 0.093750 0.242432
vt 0.093750 0.226807
vt 0.150517 0.279088
vt 0.144516 0.275571
vt 0.150517 0.275571
vt 0.156517 0.275571
vt 0.156517 0.279088
vt 0.174517 0.279088
vt 0.180518 0.275571
vt 0.180518 0.279088
vt 0.186518 0.279088
vt 0.186518 0.275571
vt 0.162517 0.279088
vt 0.168517 0.275571
vt 0.168517 0.279088
vt 0.162517 0.275571
vt 0.222519 0.279088
vt 0.228519 0.275571
vt 0.228519 0.279088
vt 0.216519 0.275571
vt 0.216519 0.279088
vt 0.234519 0.279088
vt 0.234519 0.275571
vt 0.240520 0.275571
vt 0.240520 0.279088
vt 0.198518 0.279088
vt 0.192518 0.275571
vt 0.198518 0.275571
vt 0.210518 0.279088
vt 0.204518 0.275571
vt 0.204518 0.279088
vt 0.725084 0.820171
vt 0.742741 0.835317
vt 0.730970 0.835317
vt 0.203125 0.375000
vt 0.230469 0.437500
vt 0.203125 0.437500
vt 0.144531 0.375000
vt 0.171875 0.437500
vt 0.144531 0.437500
vt 0.171875 0.242188
vt 0.187500 0.226562
vt 0.171875 0.226562
vt 0.123820 0.452524
vt 0.114820 0.449007
vt 0.123820 0.449007
vt 0.091425 0.467743
vt 0.082425 0.464226
vt 0.091425 0.464226
vt 0.168822 0.445490
vt 0.132820 0.449007
vt 0.132820 0.445490
vt -0.003906 0.414062
vt -0.003906 0.437500
vt 0.136426 0.485330
vt 0.100425 0.488847
vt 0.100425 0.485330
vt 0.031250 0.218750
vt 0.015625 0.203125
vt 0.031250 0.203125
vt 0.904418 0.023887
vt 0.910418 0.009818
vt 0.910418 0.023887
vt 0.027344 0.375000
vt 0.054688 0.437500
vt 0.027344 0.437500
vt 0.180822 0.441972
vt 0.177822 0.445490
vt 0.177822 0.441972
vt 0.250000 0.218750
vt 0.234375 0.203125
vt 0.250000 0.203125
vt 0.171875 0.375000
vt 0.180822 0.456042
vt 0.177822 0.459559
vt 0.177822 0.456042
vt 0.082425 0.481813
vt 0.091425 0.481813
vt 0.180822 0.459559
vt 0.177822 0.463077
vt 0.640625 0.015625
vt 0.734375 0.000000
vt 0.640625 0.000000
vt 0.180822 0.463077
vt 0.177822 0.466594
vt 0.136426 0.467743
vt 0.100425 0.471261
vt 0.100425 0.467743
vt -0.003906 0.375000
vt 0.168822 0.452524
vt 0.132820 0.456042
vt 0.132820 0.452524
vt 0.766049 0.882177
vt 0.796050 0.883936
vt 0.766049 0.883936
vt 0.148427 0.471261
vt 0.145427 0.474778
vt 0.145427 0.471261
vt 0.123820 0.470111
vt 0.114820 0.466594
vt 0.091425 0.471261
vt 0.082425 0.467743
vt 0.230469 0.414062
vt 0.191406 0.437500
vt 0.191406 0.414062
vt 0.758549 0.857556
vt 0.755549 0.864591
vt 0.755549 0.857556
vt 0.136426 0.474778
vt 0.100425 0.478295
vt 0.100425 0.474778
vt 0.054688 0.375000
vt 0.085938 0.437500
vt 0.734375 0.109375
vt 0.750000 0.015625
vt 0.750000 0.109375
vt 0.136426 0.481813
vt 0.100425 0.481813
vt 0.218750 0.218750
vt 0.203125 0.203125
vt 0.218750 0.203125
vt 0.046875 0.109375
vt 0.031250 -0.000000
vt 0.046875 -0.000000
vt 0.937500 0.015625
vt 0.953125 0.031250
vt 0.937500 0.031250
vt 0.168822 0.466594
vt 0.132820 0.470111
vt 0.132820 0.466594
vt 0.114820 0.445490
vt 0.136719 0.394531
vt 0.160156 0.406250
vt 0.136719 0.414062
vt 0.160156 0.394531
vt 0.187500 0.398438
vt 0.109375 0.414062
vt 0.082031 0.394531
vt 0.082031 0.414062
vt 0.773549 0.852280
vt 0.776549 0.854038
vt 0.773549 0.855797
vt 0.042969 0.406250
vt 0.160156 0.382812
vt 0.187500 0.386719
vt 0.187500 0.394531
vt 0.206269 0.457723
vt 0.201855 0.462094
vt 0.201855 0.457723
vt 0.776549 0.850521
vt 0.776549 0.852280
vt 0.755549 0.852280
vt 0.758549 0.852280
vt 0.758549 0.854038
vt 0.758549 0.850521
vt 0.779550 0.852280
vt 0.082425 0.460708
vt 0.091425 0.460708
vt 0.113281 0.375000
vt 0.015625 0.242432
vt 0.031250 0.226807
vt 0.015625 0.226807
vt 0.109375 0.226807
vt 0.136426 0.460708
vt 0.100425 0.464226
vt 0.100425 0.460708
vt 0.156250 0.218750
vt 0.140625 0.203125
vt 0.156250 0.203125
vt 1.000000 0.312500
vt 0.937500 0.062500
vt 1.000000 0.062500
vt 0.114820 0.459559
vt 0.123820 0.459559
vt 0.129820 0.445490
vt 0.128320 0.449007
vt 0.128320 0.445490
vt 0.015625 0.398438
vt 0.042969 0.394531
vt 0.042969 0.382812
vt 0.137926 0.481813
vt 0.140927 0.485330
vt 0.015625 0.386719
vt 0.109375 0.375000
vt 0.136719 0.375000
vt 0.234375 0.242188
vt 0.250000 0.226562
vt 0.234375 0.226562
vt 0.164062 0.437500
vt 0.114820 0.456042
vt 0.123820 0.456042
vt 0.904356 0.038665
vt 0.916357 0.045700
vt 0.904356 0.045700
vt 0.085938 0.375000
vt 0.180822 0.445490
vt 0.177822 0.449007
vt 0.625000 0.109375
vt 0.625000 0.015625
vt 0.142427 0.478295
vt 0.140927 0.481813
vt 0.140927 0.478295
vt 0.168822 0.470111
vt 0.173322 0.466594
vt 0.173322 0.470111
vt 0.180822 0.449007
vt 0.177822 0.452524
vt 0.769049 0.882177
vt 0.793050 0.883936
vt 0.769049 0.883936
vt 0.082425 0.471261
vt 0.031250 0.242432
vt 0.046875 0.226807
vt 0.136426 0.471261
vt 0.032753 0.404430
vt 0.024174 0.424548
vt 0.024174 0.404430
vt 0.929549 0.045167
vt 0.917548 0.038132
vt 0.929549 0.038132
vt 0.095925 0.481813
vt 0.097425 0.485330
vt 0.095925 0.485330
vt 0.097425 0.464226
vt 0.095925 0.467743
vt 0.095925 0.464226
vt 0.109375 0.394531
vt 0.937500 0.312500
vt 0.812500 0.375000
vt 0.812500 0.312500
vt 0.234375 0.218750
vt 0.773549 0.818865
vt 0.776549 0.847004
vt 0.773549 0.847004
vt 0.109375 0.218750
vt 0.093750 0.203125
vt 0.109375 0.203125
vt 0.015595 0.404430
vt 0.015595 0.424548
vt 0.136426 0.464226
vt 0.095925 0.478295
vt 0.098925 0.481813
vt 0.078125 0.218750
vt 0.062500 0.203125
vt 0.078125 0.203125
vt 0.148427 0.478295
vt 0.145427 0.481813
vt 0.145427 0.478295
vt 0.128320 0.456042
vt 0.132820 0.459559
vt 0.128320 0.459559
vt 0.776549 0.857556
vt 0.773549 0.864591
vt 0.773549 0.857556
vt 0.062500 0.218750
vt 0.046875 0.203125
vt 0.168822 0.449007
vt 0.125000 0.218750
vt 0.125000 0.203125
vt 0.148427 0.467743
vt 0.145427 0.467743
vt 0.812500 0.062500
vt 0.937500 -0.000000
vt 0.015625 0.394531
vt 0.168822 0.459559
vt 0.132820 0.463077
vt 0.761549 0.852280
vt 0.761549 0.855797
vt 0.015595 0.389343
vt 0.024174 0.389343
vt 0.024174 0.394372
vt 0.024174 0.384313
vt 0.640625 0.109375
vt 0.734375 0.125000
vt 0.640625 0.125000
vt 0.750000 0.062500
vt 0.750000 0.312500
vt 0.062500 0.226807
vt 0.078125 0.242432
vt 0.531250 0.261719
vt 0.515625 0.171875
vt 0.531250 0.171875
vt 0.515625 0.261719
vt 0.500000 0.171875
vt 0.437500 0.261719
vt 0.421875 0.171875
vt 0.437500 0.171875
vt 0.180822 0.452524
vt 0.421875 0.261719
vt 0.406250 0.171875
vt 0.143927 0.481813
vt 0.139427 0.478295
vt 0.923611 0.009112
vt 0.917611 0.023182
vt 0.917611 0.009112
vt 0.148427 0.460708
vt 0.145427 0.464226
vt 0.145427 0.460708
vt 0.812500 0.187500
vt 0.779550 0.857556
vt 0.776549 0.864591
vt 0.136426 0.488847
vt 0.140927 0.488847
vt 0.032753 0.389343
vt 0.032753 0.399401
vt 0.203125 0.242188
vt 0.218750 0.226562
vt 0.203125 0.226562
vt 0.148427 0.474778
vt 0.148427 0.481813
vt 0.145427 0.485330
vt 0.218750 0.242188
vt 0.136426 0.478295
vt 0.904396 0.046641
vt 0.916397 0.053675
vt 0.904396 0.053675
vt 0.203125 0.218750
vt 0.093750 0.218750
vt 0.180822 0.466594
vt 0.177822 0.470111
vt 0.046875 0.242432
vt 0.148427 0.485330
vt 0.145427 0.488847
vt 0.375059 0.937798
vt 0.062441 0.999702
vt 0.374940 1.000298
vt 0.437500 0.750000
vt 0.375000 0.937500
vt 0.375000 0.750000
vt 0.062500 0.687500
vt 0.062500 0.750000
vt -0.000000 0.937500
vt 0.062500 0.750000
vt 0.062500 0.937500
vt 0.171875 0.500000
vt 0.062500 0.500000
vt 0.171875 0.750000
vt 0.062500 0.937500
vt 0.813359 0.835317
vt 0.807474 0.837660
vt 0.801588 0.835317
vt 0.801588 0.805025
vt 0.807474 0.802682
vt 0.813359 0.805025
vt 0.218750 0.109375
vt 0.203125 -0.000000
vt 0.218750 -0.000000
vt 0.281250 0.109375
vt 0.265625 -0.000000
vt 0.281250 -0.000000
vt 0.359375 0.109375
vt 0.343750 -0.000000
vt 0.359375 -0.000000
vt 0.250000 -0.000000
vt 0.234375 0.109375
vt 0.234375 -0.000000
vt 0.375000 -0.000000
vt 0.484375 0.109375
vt 0.468750 -0.000000
vt 0.484375 -0.000000
vt 0.328125 0.109375
vt 0.312500 -0.000000
vt 0.328125 -0.000000
vt 0.265625 0.109375
vt 0.203125 0.109375
vt 0.187500 -0.000000
vt 0.343750 0.109375
vt 0.296875 0.109375
vt 0.296875 -0.000000
vt 0.453125 0.109375
vt 0.437500 -0.000000
vt 0.453125 -0.000000
vt 0.546875 0.109375
vt 0.531250 -0.000000
vt 0.546875 -0.000000
vt 0.500000 0.109375
vt 0.500000 -0.000000
vt 0.468750 0.109375
vt 0.562500 0.109375
vt 0.562500 -0.000000
vt 0.421875 0.109375
vt 0.406250 -0.000000
vt 0.421875 -0.000000
vt 0.515625 0.109375
vt 0.515625 -0.000000
vt 0.437500 0.109375
vt 0.390625 0.109375
vt 0.390625 -0.000000
vt 0.375000 0.109375
vt 0.531250 0.109375
vt 0.206269 0.466466
vt 0.209211 0.470837
vt 0.206269 0.470837
vt 0.312500 0.109375
vt 0.171875 0.109375
vt 0.156250 -0.000000
vt 0.171875 -0.000000
vt 0.125000 0.109375
vt 0.109375 -0.000000
vt 0.125000 -0.000000
vt 0.109375 0.109375
vt 0.093750 -0.000000
vt 0.078125 0.109375
vt 0.062500 -0.000000
vt 0.078125 -0.000000
vt 0.140625 0.109375
vt 0.140625 -0.000000
vt 0.140625 0.242188
vt 0.156250 0.226562
vt 0.140625 0.226562
vt 0.093750 0.109375
vt 0.015625 0.109375
vt -0.000000 -0.000000
vt 0.015625 -0.000000
vt 0.156250 0.109375
vt 0.203326 0.453351
vt 0.206269 0.453351
vt 0.125320 0.463077
vt 0.125320 0.449007
vt 0.128320 0.452524
vt 0.082031 0.375000
vt 0.207740 0.448980
vt 0.206269 0.448980
vt 0.148427 0.464226
vt 0.916954 0.009451
vt 0.910954 0.023521
vt 0.910954 0.009451
vt 0.168822 0.463077
vt 0.173322 0.449007
vt 0.171822 0.452524
vt 0.170322 0.449007
vt 0.192518 0.279088
vt 0.131320 0.463077
vt 0.128320 0.463077
vt 0.094425 0.485330
vt 0.092925 0.481813
vt 0.095925 0.474778
vt 0.128320 0.441972
vt 0.126820 0.445490
vt 0.126820 0.466594
vt 0.128320 0.466594
vt 0.128320 0.470111
vt 0.129820 0.466594
vt 0.156250 0.242188
vt 0.201855 0.466466
vt 0.140927 0.464226
vt 0.207740 0.475209
vt 0.210682 0.462094
vt 0.210682 0.466466
vt 0.173322 0.445490
vt 0.176322 0.449007
vt 0.173322 0.452524
vt 0.173322 0.456042
vt 0.174822 0.452524
vt 0.173322 0.459559
vt 0.171822 0.459559
vt 0.174822 0.459559
vt 0.171875 0.218750
vt 0.000000 0.242432
vt 0.000000 0.226807
vt 0.046875 0.218750
vt 0.095925 0.471261
vt 0.170322 0.463077
vt 0.092925 0.467743
vt 0.204797 0.448980
vt 0.095925 0.460708
vt 0.094425 0.464226
vt 0.095925 0.488847
vt 0.140625 0.218750
vt 0.109375 0.242432
vt 0.125000 0.226807
vt 0.168822 0.441972
vt 0.132820 0.441972
vt 0.173322 0.463077
vt 0.137926 0.467743
vt 0.176322 0.463077
vt 0.140927 0.467743
vt 0.142427 0.471261
vt 0.140927 0.471261
vt 0.143927 0.467743
vt 0.139427 0.471261
vt 0.140927 0.474778
vt 0.168822 0.456042
vt 0.082425 0.478295
vt 0.098925 0.467743
vt 0.761549 0.857556
vt 0.758549 0.864591
vt 0.015625 0.218750
vt 0.000000 0.203125
vt 0.936644 0.016165
vt 0.924644 0.009130
vt 0.936644 0.009130
vt 0.114820 0.452524
vt 0.890990 0.023887
vt 0.896990 0.009818
vt 0.896990 0.023887
vt 0.903648 0.009573
vt 0.897648 0.023643
vt 0.897648 0.009573
vt 0.204797 0.475209
vt 0.203326 0.470837
vt 0.131320 0.449007
vt 0.500000 0.261719
vt 0.484375 0.171875
vt 0.173322 0.441972
vt 0.125000 0.242188
vt 0.125000 0.226562
vt 0.936400 0.023978
vt 0.924400 0.016943
vt 0.936400 0.016943
vt 0.390625 0.171875
vt 0.375000 0.261719
vt 0.375000 0.171875
vt 0.917191 0.046558
vt 0.929192 0.053592
vt 0.917191 0.053592
vt 0.206269 0.462094
vt 0.209211 0.453351
vt 0.206269 0.475209
vt 0.206269 0.479581
vt 0.206269 0.444608
vt 0.730970 0.805025
vt 0.742741 0.805025
vt 0.747050 0.811427
vt 0.748627 0.820171
vt 0.747050 0.828916
vt 0.736856 0.837660
vt 0.726661 0.828916
vt 0.726661 0.811427
vt 0.736856 0.802682
vt 0.390625 0.261719
vt 0.562500 0.261719
vt 0.546875 0.171875
vt 0.562500 0.171875
vt 0.930527 0.052749
vt 0.936527 0.038680
vt 0.936527 0.052749
vt 0.453125 0.261719
vt 0.453125 0.171875
vt 0.546875 0.261719
vt 0.484375 0.261719
vt 0.468750 0.171875
vt 0.867188 0.410156
vt 0.902344 0.472656
vt 0.867188 0.472656
vt 0.964844 0.507812
vt 0.902344 0.507812
vt 0.964960 0.472721
vt 0.999884 0.410091
vt 1.000116 0.472591
vt 0.964844 0.410156
vt 0.902344 0.375000
vt 0.964844 0.375000
vt 0.902344 0.410156
vt 0.894224 0.279889
vt 0.888213 0.255842
vt 0.894224 0.255842
vt 0.888213 0.279889
vt 0.882201 0.255842
vt 0.882201 0.279889
vt 0.876189 0.255842
vt 0.876189 0.279889
vt 0.870177 0.255842
vt 0.870177 0.279889
vt 0.864165 0.255842
vt 0.864165 0.279889
vt 0.858153 0.255842
vt 0.788128 0.856275
vt 0.861571 0.782833
vt 0.935013 0.856275
vt 0.858153 0.279889
vt 0.852142 0.255842
vt 0.852142 0.279889
vt 0.846130 0.255842
vt 0.951736 0.812929
vt 0.847873 0.812929
vt 0.847873 0.916792
vt 0.821795 0.864860
vt 0.895237 0.791418
vt 0.968679 0.864860
vt 0.031250 0.109375
vt 0.468750 0.261719
vt 0.375000 0.292969
vt 0.421875 0.320312
vt 0.421875 0.265625
vt 0.437500 0.140625
vt 0.484375 0.167969
vt 0.484375 0.113281
vt 0.437500 0.292969
vt 0.484375 0.320312
vt 0.484375 0.265625
vt 0.375000 0.140625
vt 0.421875 0.167969
vt 0.421875 0.113281
vt 0.082425 0.488847
vt 0.144516 0.279088
vt 0.174517 0.275571
vt 0.222519 0.275571
vt 0.210518 0.275571
vt 0.230469 0.375000
vt 0.187500 0.242188
vt 0.904418 0.009818
vt 0.734375 0.015625
vt 0.796050 0.882177
vt 0.114820 0.470111
vt 0.953125 0.015625
vt 0.773549 0.848763
vt 0.250000 0.242188
vt 0.916357 0.038665
vt 0.793050 0.882177
vt 0.032753 0.424548
vt 0.917548 0.045167
vt 0.937500 0.375000
vt 0.776549 0.818865
vt 0.812500 -0.000000
vt 0.062500 0.242432
vt 0.406250 0.261719
vt 0.923611 0.023182
vt 0.937500 0.187500
vt 0.779550 0.864591
vt 0.916397 0.046641
vt 0.180822 0.470111
vt 0.148427 0.488847
vt 0.062560 0.937202
vt 0.437500 0.937500
vt 0.375000 0.687500
vt 0.000000 0.750000
vt 0.171875 0.687500
vt 0.171875 0.937500
vt 0.250000 0.109375
vt 0.187500 0.109375
vt 0.406250 0.109375
vt 0.062500 0.109375
vt -0.000000 0.109375
vt 0.916954 0.023521
vt 0.140927 0.460708
vt 0.125000 0.242432
vt 0.761549 0.864591
vt 0.000000 0.218750
vt 0.924644 0.016165
vt 0.890990 0.009818
vt 0.903648 0.023643
vt 0.924400 0.023978
vt 0.929192 0.046558
vt 0.210682 0.457723
vt 0.930527 0.038680
vt 0.964844 0.472656
vt 0.964728 0.410222
vt 0.913502 0.908207
vt 0.861571 0.929718
vt 0.809639 0.908207
vt 0.809639 0.804344
vt 0.913502 0.804344
vt 0.846130 0.279889
vt 0.899805 0.938303
vt 0.951736 0.916792
vt 0.973247 0.864860
vt 0.899805 0.791418
vt 0.826362 0.864860
vt 0.947169 0.916792
vt 0.895237 0.938303
vt 0.843305 0.916792
vt 0.843305 0.812929
vt 0.947169 0.812929
vt 0.390625 0.265625
vt 0.378906 0.277344
vt 0.378906 0.308594
vt 0.390625 0.320312
vt 0.406250 0.324219
vt 0.433594 0.308594
vt 0.433594 0.277344
vt 0.453125 0.113281
vt 0.441406 0.125000
vt 0.441406 0.156250
vt 0.453125 0.167969
vt 0.496094 0.156250
vt 0.500000 0.140625
vt 0.496094 0.125000
vt 0.453125 0.265625
vt 0.441406 0.277344
vt 0.441406 0.308594
vt 0.453125 0.320312
vt 0.468750 0.324219
vt 0.496094 0.308594
vt 0.500000 0.292969
vt 0.496094 0.277344
vt 0.390625 0.113281
vt 0.378906 0.125000
vt 0.378906 0.156250
vt 0.390625 0.167969
vt 0.433594 0.156250
vt 0.433594 0.125000
s 1
usemtl Material
f 61/1/1 28/2/2 29/3/1
f 191/4/3 182/5/4 190/6/5
f 195/7/6 186/8/7 194/9/8
f 468/10/9 460/11/10 467/7/11
f 786/12/12 778/13/13 785/14/7
f 691/15/14 682/16/15 690/17/16
f 228/6/5 219/18/15 227/19/17
f 640/20/18 632/21/19 639/22/20
f 694/23/7 685/24/21 693/25/18
f 39/26/22 70/27/23 38/28/23
s 0
f 42/29/15 57/30/15 58/31/15
f 42/29/15 59/32/15 43/33/15
f 46/34/15 63/35/15 47/36/15
f 48/37/15 63/35/15 64/38/15
f 44/39/15 61/40/15 45/41/15
f 44/39/15 59/32/15 60/42/15
f 38/43/15 55/44/15 39/45/15
f 53/46/15 38/43/15 37/47/15
f 61/40/15 46/34/15 45/41/15
f 40/48/15 55/44/15 56/49/15
f 40/48/15 57/50/15 41/51/15
f 34/52/15 50/53/15 49/54/15
f 36/55/15 53/46/15 37/47/15
f 34/52/15 51/56/15 35/57/15
f 1090/58/13 1094/59/13 1092/60/13
f 51/56/15 36/55/15 35/57/15
s 1
f 418/61/24 399/62/25 411/63/26
f 308/64/2 306/65/27 305/66/28
f 77/67/10 44/68/29 45/69/10
f 611/70/30 607/71/31 610/72/32
f 520/64/33 513/65/27 512/66/34
f 696/73/32 687/74/25 695/75/35
f 229/4/3 220/5/4 228/6/5
f 762/76/36 760/77/37 759/78/38
f 193/79/21 186/8/7 185/80/13
f 1004/81/39 982/82/7 996/83/40
f 51/84/41 18/85/42 19/86/41
s 0
f 1035/87/10 1032/88/10 1030/89/10
s 1
f 140/90/33 133/91/43 132/92/44
f 964/93/13 961/94/45 957/95/46
f 497/6/47 488/18/15 496/19/48
f 50/96/31 32/97/24 17/98/31
f 138/99/10 131/63/49 130/65/50
f 819/100/15 814/101/51 801/102/4
f 837/25/18 828/103/19 836/104/20
f 965/105/52 959/106/53 958/101/51
s 0
f 13/107/31 12/108/31 11/109/31
s 1
f 678/110/19 672/111/54 671/106/53
f 718/112/55 711/113/56 710/114/37
f 211/115/19 208/92/44 193/80/21
f 950/116/57 938/117/58 943/118/59
s 0
f 93/119/15 96/120/15 95/121/15
s 1
f 741/122/60 713/123/4 733/124/61
f 213/64/41 206/65/50 205/66/62
f 641/125/7 633/126/21 640/20/18
f 402/10/9 394/11/10 401/7/11
f 382/115/31 379/92/63 366/80/25
f 841/127/64 832/128/31 840/73/32
f 117/129/21 108/130/65 116/131/66
f 400/132/67 392/133/13 399/134/25
f 1001/135/4 994/136/68 993/137/58
f 217/138/1 210/139/69 209/91/43
f 189/19/17 188/139/70 196/10/71
s 0
f 14/140/10 11/141/10 9/142/10
s 1
f 1003/143/72 996/83/40 995/144/73
f 63/145/22 30/146/23 31/147/22
f 595/148/10 593/149/74 582/150/10
f 713/135/4 706/136/68 705/137/58
f 432/129/25 424/130/75 431/131/76
s 0
f 749/151/15 747/152/15 748/153/15
s 1
f 660/154/39 641/155/7 653/156/40
f 898/72/32 894/157/77 897/12/78
f 505/158/79 498/159/80 497/160/47
f 237/161/81 230/162/66 229/159/3
f 227/163/17 236/158/82 228/160/5
f 203/164/83 189/163/17 196/165/71
f 333/166/84 331/167/85 330/168/80
f 401/169/11 408/164/86 402/165/9
f 236/158/82 244/170/50 237/161/81
f 271/169/6 279/164/83 272/165/71
f 161/161/81 169/171/49 162/172/87
f 1076/173/88 1062/174/89 1069/175/90
f 189/163/17 198/158/82 190/160/5
f 318/166/84 322/176/91 319/177/92
f 117/178/21 125/179/93 118/180/8
f 125/179/93 117/178/21 132/181/44
f 116/167/66 124/177/87 117/182/21
f 124/177/87 131/176/49 117/182/21
f 695/75/35 686/183/13 694/184/7
f 174/185/31 167/66/62 166/18/94
f 67/186/33 34/187/95 35/188/33
f 821/105/52 815/106/53 814/101/51
f 330/4/80 326/5/96 329/6/97
f 396/19/48 395/139/4 402/10/9
f 481/115/31 478/92/63 465/80/25
f 72/27/24 39/189/22 40/28/24
f 712/190/98 709/191/99 694/192/7
f 59/193/33 26/194/95 27/195/33
f 156/9/8 147/80/13 155/79/21
f 266/6/5 257/18/15 265/19/17
s 0
f 5/196/31 4/197/31 3/198/31
s 1
f 783/22/20 775/199/52 782/200/14
f 496/19/48 495/139/4 503/10/9
s 0
f 92/119/15 89/120/15 90/121/15
s 1
f 347/158/100 345/159/80 344/160/97
f 615/201/38 613/202/101 612/203/102
f 510/164/86 496/163/48 503/165/9
f 429/163/48 437/158/103 430/160/104
f 270/204/8 278/205/105 271/169/6
f 413/206/106 408/164/86 407/205/107
f 1003/207/72 1011/208/108 1004/81/39
f 302/158/100 300/159/80 299/160/97
f 374/205/107 379/209/63 380/206/106
f 122/158/82 128/210/94 129/211/62
f 505/158/79 511/210/109 512/211/34
f 278/205/105 284/209/44 285/206/43
f 155/178/21 163/179/93 156/180/8
f 163/179/93 155/178/21 170/181/44
f 154/167/66 162/177/87 155/182/21
f 162/177/87 169/176/49 155/182/21
f 66/212/19 48/213/110 33/214/19
f 433/9/67 425/80/13 432/79/25
f 885/122/60 857/123/4 877/124/61
f 979/15/14 970/16/15 978/17/16
f 353/64/2 351/65/27 350/66/28
f 137/64/41 130/65/50 129/66/62
f 268/131/66 259/215/10 267/4/3
f 383/185/19 377/66/111 376/18/109
f 806/116/57 794/117/58 799/118/59
f 926/200/14 918/216/15 925/217/16
s 0
f 748/218/19 742/219/19 743/220/19
s 1
f 142/221/22 128/18/94 134/139/69
f 454/221/112 442/18/109 447/139/113
f 499/131/114 490/215/1 498/4/80
f 627/222/77 625/223/115 624/94/116
s 0
f 16/107/1 10/224/1 12/225/1
s 1
f 1016/226/51 1010/227/117 1009/228/118
f 161/161/81 154/162/66 153/159/3
f 375/164/86 363/163/48 369/165/9
f 462/163/48 470/158/103 463/160/104
f 446/206/106 441/164/86 440/205/107
f 191/159/3 198/158/82 199/161/81
f 332/158/100 330/159/80 329/160/97
f 440/205/107 445/209/63 446/206/106
f 800/229/98 810/230/108 807/231/7
f 404/158/103 409/210/109 410/211/111
f 318/166/84 316/167/85 315/168/80
f 193/178/21 201/179/93 194/180/8
f 201/179/93 193/178/21 208/181/44
f 192/167/66 200/177/87 193/182/21
f 200/177/87 207/176/49 193/182/21
f 141/138/1 134/139/69 133/91/43
f 196/10/71 187/11/1 195/7/6
f 916/232/31 914/233/119 913/223/115
s 0
f 84/119/15 81/120/15 82/121/15
s 1
f 467/7/11 459/8/65 466/9/67
s 0
f 104/234/15 101/235/15 102/236/15
s 1
f 482/185/19 476/66/111 475/18/109
f 610/72/32 606/157/77 609/12/78
f 978/17/16 977/237/60 985/127/64
f 771/222/77 769/223/115 768/94/116
f 68/238/2 35/239/33 36/187/2
s 0
f 893/151/15 891/152/15 892/153/15
s 1
f 863/240/120 849/137/58 855/113/56
f 368/241/11 360/242/65 367/243/67
f 155/129/21 146/130/65 154/131/66
s 0
f 746/244/31 745/245/31 744/246/31
s 1
f 209/206/43 203/164/83 202/205/105
f 988/247/121 996/248/40 989/249/122
f 408/164/86 396/163/48 402/165/9
f 371/158/103 376/210/109 377/211/111
f 156/204/8 164/205/105 157/169/6
f 479/206/106 474/164/86 473/205/107
f 122/158/82 115/159/3 114/160/5
f 157/169/6 165/164/83 158/165/71
f 709/250/99 703/251/101 702/252/123
f 160/158/82 166/210/94 167/211/62
f 279/164/83 280/210/94 273/253/60
f 333/166/84 337/176/91 334/177/92
f 231/178/21 239/179/93 232/180/8
f 239/179/93 231/178/21 246/181/44
f 230/167/66 238/177/87 231/182/21
f 238/177/87 245/176/49 231/182/21
f 1007/240/120 993/137/58 999/113/56
f 834/17/16 833/237/60 841/127/64
s 0
f 8/254/1 2/255/1 4/256/1
s 1
f 234/10/71 225/11/1 233/7/6
f 64/257/24 31/147/22 32/97/24
f 115/4/3 106/5/4 114/6/5
f 715/143/72 708/83/40 707/144/73
f 324/258/1 322/259/91 321/260/27
f 1029/122/60 1001/123/4 1021/124/61
f 119/7/6 110/8/7 118/9/8
f 56/261/110 23/262/112 24/263/110
f 522/61/22 500/62/25 514/63/124
f 451/61/24 432/62/25 444/63/26
f 366/264/25 360/242/65 359/265/13
f 253/61/112 231/62/21 245/63/49
f 1005/266/125 998/114/37 997/191/99
f 285/206/43 279/164/83 278/205/105
f 123/161/81 131/171/49 124/172/87
f 441/164/86 429/163/48 435/165/9
f 496/163/48 505/158/79 497/160/47
f 303/166/84 301/167/85 300/168/80
f 274/158/82 282/170/50 275/161/81
f 987/267/126 995/268/73 988/247/121
f 171/206/43 165/164/83 164/205/105
f 509/205/107 515/209/63 516/206/106
f 375/164/86 376/210/109 370/253/52
f 165/164/83 166/210/94 159/253/60
f 348/166/84 352/176/91 349/177/92
f 269/178/21 277/179/93 270/180/8
f 277/179/93 269/178/21 284/181/44
f 268/167/66 276/177/87 269/182/21
f 276/177/87 283/176/49 269/182/21
f 435/10/9 427/11/10 434/7/11
f 153/4/3 144/5/4 152/6/5
f 54/269/127 21/270/10 22/271/127
f 899/70/30 895/71/31 898/72/32
f 862/112/55 855/113/56 854/114/37
f 518/115/31 515/92/63 500/80/25
f 502/7/11 493/8/65 501/9/67
f 880/272/52 873/273/53 872/274/51
f 788/275/4 795/276/68 789/277/126
f 346/278/85 342/279/1 345/280/80
f 303/166/84 307/176/91 304/177/92
f 247/206/43 241/164/83 240/205/105
f 233/169/6 241/164/83 234/165/71
f 164/205/105 170/209/44 171/206/43
f 53/281/10 20/282/29 21/270/10
f 619/283/55 617/118/128 616/77/37
f 57/284/19 24/263/110 25/285/19
f 740/286/31 733/124/61 732/287/115
f 506/161/84 499/162/114 498/159/80
f 302/158/100 306/170/27 303/161/84
f 347/158/100 351/170/27 348/161/84
f 118/204/8 126/205/105 119/169/6
f 716/81/39 694/82/7 708/83/40
s 0
f 6/288/10 3/289/10 1/197/10
s 1
f 214/99/10 207/63/49 206/65/50
f 316/278/85 312/279/1 315/280/80
f 232/204/8 240/205/105 233/169/6
f 332/158/100 336/170/27 333/161/84
f 195/169/6 203/164/83 196/165/71
f 126/205/105 132/209/44 133/206/43
f 179/138/1 172/139/69 171/91/43
f 676/93/13 673/94/45 669/95/46
f 299/6/97 297/215/1 296/5/96
f 344/6/97 342/215/1 341/5/96
f 208/209/44 202/205/105 201/290/93
f 317/158/100 321/170/27 318/161/84
f 317/158/100 315/159/80 314/160/97
f 348/166/84 346/167/85 345/168/80
f 662/116/57 650/117/58 655/118/59
f 802/291/129 796/292/73 795/276/68
f 363/19/48 357/5/130 356/18/15
f 292/90/33 285/91/43 284/92/44
f 331/278/85 327/279/1 330/280/80
f 462/19/48 456/5/130 455/18/15
f 928/20/18 920/21/19 927/22/20
f 139/61/112 117/62/21 131/63/49
f 274/158/82 267/159/3 266/160/5
f 279/164/83 265/163/17 272/165/71
f 265/163/17 274/158/82 266/160/5
f 199/161/81 192/162/66 191/159/3
f 368/169/11 375/164/86 369/165/9
f 470/158/103 475/210/109 476/211/111
f 408/164/86 409/210/109 403/253/52
f 400/180/67 407/293/107 401/294/11
f 366/295/25 373/296/131 367/297/67
f 373/296/131 366/295/25 379/298/63
f 365/167/76 372/177/132 366/182/25
f 372/177/132 378/176/26 366/182/25
f 250/185/31 243/66/62 242/18/94
f 218/221/22 204/18/94 210/139/69
f 521/99/1 514/63/124 513/65/27
s 0
f 15/299/19 9/300/19 10/301/19
f 7/302/19 1/256/19 2/303/19
s 1
f 523/90/41 516/91/106 515/92/63
f 256/221/22 242/18/94 248/139/69
f 860/81/39 838/82/7 852/83/40
f 498/4/80 489/5/70 497/6/47
f 453/138/10 447/139/113 446/91/106
f 38/304/23 69/305/1 37/26/1
f 784/20/18 776/21/19 783/22/20
f 160/158/82 153/159/3 152/160/5
f 234/165/71 235/253/60 227/163/17
f 151/163/17 160/158/82 152/160/5
f 466/204/67 473/205/107 467/169/11
f 160/158/82 168/170/50 161/161/81
f 241/164/83 242/210/94 235/253/60
f 474/164/86 475/210/109 469/253/52
f 997/250/99 991/251/101 990/252/123
f 399/178/25 406/179/131 400/180/67
f 406/179/131 399/178/25 412/181/63
f 398/167/76 405/177/132 399/182/25
f 405/177/132 411/176/26 399/182/25
f 1103/306/133 1090/307/1 1091/308/133
f 448/115/31 445/92/63 432/80/25
f 116/131/66 107/215/10 115/4/3
f 449/185/19 443/66/111 442/18/109
f 293/138/1 286/139/69 285/91/43
f 216/90/33 209/91/43 208/92/44
f 907/283/55 905/118/128 904/77/37
f 1102/309/1 1089/310/134 1090/307/1
f 1096/311/135 1084/312/10 1085/313/135
f 825/314/136 801/102/4 818/233/137
s 0
f 100/234/15 97/235/15 98/236/15
s 1
f 1097/315/10 1095/316/74 1084/312/10
f 1017/317/53 1011/208/108 1010/227/117
f 396/163/48 404/158/103 397/160/104
f 121/253/60 114/160/5 113/163/17
f 199/161/81 207/171/49 200/172/87
f 434/169/11 441/164/86 435/165/9
f 203/164/83 204/210/94 197/253/60
f 198/158/82 204/210/94 205/211/62
f 1002/318/129 1010/227/117 1003/207/72
f 432/178/25 439/179/131 433/180/67
f 439/179/131 432/178/25 445/181/63
f 431/167/76 438/177/132 432/182/25
f 438/177/132 444/176/26 432/182/25
s 0
f 1037/319/1 1031/320/1 1033/321/1
s 1
f 879/322/13 875/323/138 871/324/46
f 269/129/21 260/130/65 268/131/66
f 176/99/10 169/63/49 168/65/50
f 212/185/31 205/66/62 204/18/94
s 0
f 8/325/15 6/254/15 7/256/15
s 1
f 366/326/25 358/327/75 365/278/76
f 192/131/66 183/215/10 191/4/3
f 948/154/39 929/155/7 941/156/40
f 301/278/85 297/279/1 300/280/80
f 419/90/41 413/91/106 412/92/63
f 249/115/19 246/92/44 231/80/21
f 502/169/11 510/164/86 503/165/9
f 158/165/71 159/253/60 151/163/17
f 1000/328/98 1011/208/108 1008/329/7
f 367/297/67 374/330/107 368/331/11
f 122/158/82 130/170/50 123/161/81
f 437/158/103 442/210/109 443/211/111
f 510/164/86 511/210/109 504/253/52
f 853/250/99 847/251/101 846/252/123
f 465/178/25 472/179/131 466/180/67
f 472/179/131 465/178/25 478/181/63
f 464/167/76 471/177/132 465/182/25
f 471/177/132 477/176/26 465/182/25
f 946/291/129 940/292/73 939/276/68
f 78/332/127 45/333/10 46/334/127
f 878/335/15 872/274/51 857/123/4
f 1000/190/98 997/191/99 982/192/7
f 151/19/17 150/139/70 158/10/71
f 906/76/36 904/77/37 903/78/38
f 881/336/19 874/337/54 873/273/53
f 80/338/110 47/214/112 48/333/110
f 1024/272/52 1017/273/53 1016/274/51
f 858/339/129 851/144/73 850/136/68
s 0
f 892/340/19 886/341/19 887/342/19
s 1
f 62/343/23 29/3/1 30/146/23
f 55/344/112 22/271/127 23/262/112
f 967/345/21 957/346/46 960/111/54
f 516/206/106 510/164/86 509/205/107
f 194/204/8 202/205/105 195/169/6
f 127/164/83 113/163/17 120/165/71
f 474/164/86 462/163/48 468/165/9
f 275/161/81 283/171/49 276/172/87
f 505/158/79 513/170/27 506/161/84
f 133/206/43 127/164/83 126/205/105
f 236/158/82 229/159/3 228/160/5
f 246/209/44 240/205/105 239/290/93
f 127/164/83 128/210/94 121/253/60
f 441/164/86 442/210/109 436/253/52
f 275/161/81 268/162/66 267/159/3
f 500/178/25 508/179/131 501/180/67
f 508/179/131 500/178/25 515/181/63
f 499/167/114 507/177/139 500/182/25
f 507/177/139 514/176/124 500/182/25
f 429/19/48 428/139/4 435/10/9
f 434/7/11 426/8/65 433/9/67
f 175/64/41 168/65/50 167/66/62
f 290/99/10 283/63/49 282/65/50
f 69/347/1 36/304/2 37/239/1
f 882/348/21 871/349/46 874/337/54
f 823/345/21 813/346/46 816/111/54
f 135/115/19 132/92/44 117/80/21
s 0
f 527/350/19 528/351/19 526/352/19
f 529/353/10 532/354/10 528/355/10
f 533/356/31 530/355/31 532/357/31
f 531/358/1 526/359/1 530/360/1
f 532/361/13 526/356/13 528/362/13
f 529/363/15 531/364/15 533/357/15
f 544/365/13 543/366/13 542/367/13
f 538/368/13 537/369/13 536/370/13
s 1
f 557/371/74 544/372/140 545/373/74
f 549/374/19 536/375/141 537/376/19
f 554/377/142 541/378/133 542/379/142
f 535/380/135 547/381/10 534/382/10
f 543/383/31 554/377/142 542/379/142
f 574/384/143 561/385/19 562/386/143
f 552/387/1 539/388/134 540/389/1
f 548/390/141 535/380/135 536/375/141
f 556/391/140 543/392/31 544/372/140
f 547/381/10 545/373/74 534/382/10
f 553/393/133 540/389/1 541/378/133
f 550/394/143 537/376/19 538/395/143
f 572/396/141 559/397/135 560/398/141
f 578/399/142 565/400/133 566/401/142
f 575/402/134 562/386/143 563/403/134
f 573/404/19 560/398/141 561/385/19
f 579/405/31 566/401/142 567/406/31
f 571/407/10 569/408/74 558/409/10
f 576/410/1 563/403/134 564/411/1
f 570/412/135 558/409/10 559/397/135
f 569/408/74 580/413/140 568/414/140
f 568/414/140 579/415/31 567/383/31
f 577/416/133 564/411/1 565/400/133
f 1053/417/144 1059/418/145 1052/419/146
f 551/420/134 538/395/143 539/388/134
f 602/421/147 589/422/133 590/423/142
f 599/424/134 586/425/143 587/426/134
f 598/427/143 585/428/19 586/425/143
f 596/429/141 583/430/135 584/431/141
f 591/392/31 602/421/147 590/423/142
f 600/432/1 587/426/134 588/433/1
f 75/434/41 42/435/42 43/436/41
f 597/437/19 584/431/141 585/428/19
f 604/438/148 591/439/31 592/440/140
f 601/441/133 588/433/1 589/422/133
f 120/10/71 111/11/1 119/7/6
s 0
f 88/119/15 85/120/15 86/121/15
s 1
f 1076/173/88 1068/442/149 1075/443/150
f 789/277/126 783/444/20 782/200/14
f 610/445/32 614/446/151 611/70/30
f 123/161/81 116/162/66 115/159/3
f 717/266/125 710/114/37 709/191/99
f 265/19/17 264/139/70 272/10/71
f 375/164/86 380/206/106 381/447/113
f 237/161/81 245/171/49 238/172/87
f 467/169/11 474/164/86 468/165/9
f 1081/448/152 1075/443/150 1074/449/153
f 136/185/31 129/66/62 128/18/94
f 270/9/8 261/80/13 269/79/21
f 734/335/15 728/274/51 713/123/4
f 739/450/25 732/287/115 731/323/138
f 628/232/31 626/233/119 625/223/115
s 0
f 749/451/1 743/452/1 745/453/1
s 1
f 679/345/21 669/346/46 672/111/54
f 690/17/16 689/237/60 697/127/64
f 659/454/72 653/156/40 652/292/73
f 639/22/20 631/199/52 638/200/14
f 114/6/5 105/18/15 113/19/17
f 233/7/6 224/8/7 232/9/8
f 177/61/112 155/62/21 169/63/49
f 766/455/154 764/456/155 763/457/55
s 0
f 33/458/15 64/38/15 50/53/15
s 1
f 834/17/16 843/267/126 835/15/14
f 645/277/126 652/459/73 646/460/121
f 933/277/126 940/459/73 934/460/121
f 700/247/121 693/461/18 692/462/20
f 842/463/4 855/113/56 849/137/58
f 644/275/4 651/276/68 645/277/126
f 641/464/7 648/203/156 642/465/12
f 648/203/156 641/464/7 654/201/157
f 640/466/18 647/467/122 641/468/7
f 647/467/122 653/469/40 641/468/7
f 387/138/10 381/139/113 380/91/106
f 618/76/36 616/77/37 615/78/38
f 638/200/14 630/216/15 637/217/16
f 840/73/32 831/74/25 839/75/35
f 76/470/29 43/69/41 44/435/29
f 524/138/10 517/139/113 516/91/106
f 712/328/98 723/208/108 720/329/7
f 790/460/121 797/469/40 791/467/122
f 1039/174/158 1053/417/144 1046/471/159
f 715/207/72 723/208/108 716/81/39
f 868/472/160 871/324/46 875/323/138
f 1080/473/161 1072/419/162 1079/418/163
f 1053/417/144 1054/474/127 1060/475/164
f 765/476/102 769/477/115 766/455/154
f 662/456/57 668/478/165 657/479/4
f 668/478/165 674/480/137 657/479/4
f 657/479/4 664/481/118 658/482/129
f 664/481/118 657/479/4 670/483/51
f 158/10/71 149/11/1 157/7/6
f 60/484/2 27/195/33 28/2/2
f 65/485/95 33/188/19 34/486/95
f 323/64/2 321/65/27 320/66/28
f 289/64/41 282/65/50 281/66/62
f 354/258/1 352/259/91 351/260/27
f 736/272/52 729/273/53 728/274/51
f 251/64/41 244/65/50 243/66/62
f 118/9/8 109/80/13 117/79/21
f 339/258/1 337/259/91 336/260/27
f 52/487/29 19/86/41 20/282/29
f 738/348/21 727/349/46 730/337/54
s 0
f 16/107/15 14/140/15 15/299/15
s 1
f 735/322/13 731/323/138 727/324/46
f 754/445/32 758/446/151 755/70/30
f 646/460/121 640/466/18 639/444/20
f 834/17/16 848/488/166 842/463/4
f 788/275/4 782/200/14 781/217/16
f 790/460/121 784/466/18 783/444/20
f 947/489/72 954/230/108 948/154/39
f 696/490/32 704/488/166 697/127/64
f 898/445/32 902/446/151 899/70/30
f 1042/491/167 1049/443/168 1041/442/169
f 698/463/4 711/113/56 705/137/58
f 788/275/4 799/118/59 794/117/58
f 903/201/38 901/202/101 900/203/102
f 694/492/7 702/252/123 695/493/35
f 702/252/123 694/492/7 709/250/99
f 693/461/18 701/249/122 694/494/7
f 701/249/122 708/248/40 694/494/7
f 227/19/17 226/139/70 234/10/71
f 714/339/129 707/144/73 706/136/68
f 254/90/33 247/91/43 246/92/44
f 58/495/95 25/285/19 26/194/95
f 173/115/19 170/92/44 155/80/21
f 73/496/31 40/497/24 41/189/31
f 675/100/15 670/101/51 657/102/4
f 656/498/98 654/78/157 641/499/7
f 236/158/82 242/210/94 243/211/62
f 198/158/82 206/170/50 199/161/81
f 658/482/129 665/500/117 659/489/72
f 656/498/98 667/476/156 661/76/170
f 695/493/35 703/251/101 696/490/32
f 868/472/160 862/501/55 861/266/125
f 867/208/108 871/349/46 864/329/7
f 671/502/53 666/230/108 665/500/117
f 725/503/154 733/504/61 726/505/171
f 666/230/108 669/346/46 663/231/7
f 766/455/154 770/480/119 767/478/151
f 868/472/160 876/506/115 869/503/154
f 719/507/120 726/505/171 713/508/4
f 726/505/171 733/504/61 713/508/4
f 713/508/4 721/228/118 714/318/129
f 721/228/118 713/508/4 728/226/51
f 737/336/19 730/337/54 729/273/53
f 719/240/120 705/137/58 711/113/56
f 697/127/64 688/128/31 696/73/32
f 338/64/2 336/65/27 335/66/28
f 657/509/4 651/276/68 650/117/58
f 692/104/20 683/510/52 691/15/14
f 681/314/136 657/102/4 674/233/137
f 113/19/17 112/139/70 120/10/71
f 677/105/52 671/106/53 670/101/51
f 801/509/4 795/276/68 794/117/58
f 699/267/126 692/462/20 691/15/14
f 839/493/35 847/251/101 840/490/32
f 710/511/37 704/488/166 703/251/101
f 478/209/63 473/205/107 472/290/131
f 309/258/1 307/259/91 306/260/27
f 772/232/31 770/233/119 769/223/115
f 859/207/72 867/208/108 860/81/39
f 869/503/154 863/507/120 862/501/55
f 729/317/53 723/208/108 722/227/117
f 670/483/51 665/500/117 664/481/118
f 693/25/18 684/103/19 692/104/20
f 822/110/19 816/111/54 815/106/53
f 401/512/11 393/513/65 400/132/67
f 152/6/5 143/18/15 151/19/17
f 49/514/42 17/515/31 18/85/42
f 803/454/72 797/156/40 796/292/73
f 294/221/22 280/18/94 286/139/69
f 500/129/25 491/130/7 499/131/114
f 429/19/48 423/5/130 422/18/15
f 883/450/25 876/287/115 875/323/138
f 193/129/21 184/130/65 192/131/66
f 839/75/35 830/183/13 838/184/7
f 180/221/22 166/18/94 172/139/69
f 934/460/121 941/469/40 935/467/122
f 932/275/4 926/200/14 925/217/16
f 978/17/16 992/488/166 986/463/4
f 789/277/126 796/459/73 790/460/121
f 645/277/126 639/444/20 638/200/14
f 725/503/154 719/507/120 718/501/55
f 986/463/4 994/136/68 987/267/126
f 932/275/4 939/276/68 933/277/126
f 785/464/7 792/203/156 786/465/12
f 792/203/156 785/464/7 798/201/157
f 784/466/18 791/467/122 785/468/7
f 791/467/122 797/469/40 785/468/7
f 856/190/98 853/191/99 838/192/7
f 804/154/39 785/155/7 797/156/40
f 838/23/7 829/24/21 837/25/18
f 785/125/7 777/126/21 784/20/18
f 500/79/25 493/8/65 492/80/13
s 0
f 890/516/31 889/517/31 888/518/31
s 1
f 944/229/98 954/230/108 951/231/7
f 946/482/129 953/500/117 947/489/72
f 944/498/98 955/476/156 949/76/170
f 659/489/72 666/230/108 660/154/39
f 954/230/108 957/346/46 951/231/7
f 869/503/154 877/504/61 870/505/171
f 723/208/108 727/349/46 720/329/7
f 724/472/160 732/506/115 725/503/154
f 806/456/57 812/478/165 801/479/4
f 812/478/165 818/480/137 801/479/4
f 801/479/4 808/481/118 802/482/129
f 808/481/118 801/479/4 814/483/51
f 859/143/72 852/83/40 851/144/73
f 754/72/32 750/157/77 753/12/78
f 781/217/16 780/519/136 787/70/172
f 232/9/8 223/80/13 231/79/21
f 315/4/80 311/5/96 314/6/97
f 857/135/4 850/136/68 849/137/58
s 0
f 891/520/10 888/521/10 886/522/10
s 1
f 835/15/14 826/16/15 834/17/16
s 0
f 893/523/1 887/524/1 889/525/1
s 1
f 421/221/112 409/18/109 414/139/113
f 763/283/55 761/118/128 760/77/37
f 388/221/112 376/18/109 381/139/113
f 945/509/4 939/276/68 938/117/58
f 861/266/125 854/114/37 853/191/99
f 854/511/37 848/488/166 847/251/101
f 1072/419/162 1065/526/173 1064/527/174
f 690/17/16 699/267/126 691/15/14
f 925/217/16 937/446/165 932/275/4
f 844/247/121 852/248/40 845/249/122
f 843/267/126 851/268/73 844/247/121
f 998/511/37 992/488/166 991/251/101
f 760/528/37 758/446/151 757/202/101
f 1013/503/154 1007/507/120 1006/501/55
f 986/463/4 999/113/56 993/137/58
f 842/463/4 850/136/68 843/267/126
f 501/204/67 509/205/107 502/169/11
f 838/492/7 846/252/123 839/493/35
f 846/252/123 838/492/7 853/250/99
f 837/461/18 845/249/122 838/494/7
f 845/249/122 852/248/40 838/494/7
f 782/200/14 774/216/15 781/217/16
f 157/7/6 148/8/7 156/9/8
f 658/291/129 652/292/73 651/276/68
f 215/61/112 193/62/21 207/63/49
f 1101/529/134 1088/530/143 1089/310/134
f 190/6/5 181/18/15 189/19/17
f 755/70/30 751/71/31 754/72/32
f 252/99/10 245/63/49 244/65/50
f 656/229/98 666/230/108 663/231/7
f 765/476/102 763/457/55 762/76/36
f 802/482/129 809/500/117 803/489/72
f 712/190/98 724/472/160 717/266/125
f 700/247/121 708/248/40 701/249/122
f 724/472/160 718/501/55 717/266/125
f 1012/472/160 1015/324/46 1019/323/138
f 843/267/126 836/462/20 835/15/14
f 814/483/51 809/500/117 808/481/118
f 813/95/46 811/476/156 807/531/7
f 910/455/154 914/480/119 911/478/151
f 1079/418/163 1071/417/175 1078/475/176
f 863/507/120 870/505/171 857/508/4
f 870/505/171 877/504/61 857/508/4
f 857/508/4 865/228/118 858/318/129
f 865/228/118 857/508/4 872/226/51
f 267/4/3 258/5/4 266/6/5
f 642/12/12 634/13/13 641/14/7
f 287/115/19 284/92/44 269/80/21
f 800/498/98 798/78/157 785/499/7
f 386/90/41 380/91/106 379/92/63
f 525/221/112 511/18/109 517/139/113
f 484/61/24 465/62/25 477/63/26
f 230/131/66 221/215/10 229/4/3
f 485/90/41 479/91/106 478/92/63
f 884/286/31 877/124/61 876/287/115
f 699/267/126 707/268/73 700/247/121
f 753/465/78 757/202/101 754/445/32
f 984/490/32 992/488/166 985/127/64
f 412/209/63 407/205/107 406/290/131
f 915/222/77 913/223/115 912/94/116
f 416/185/19 410/66/111 409/18/109
f 1041/442/169 1048/173/177 1040/175/178
f 1052/419/146 1044/526/179 1045/527/180
f 873/317/53 867/208/108 866/227/117
f 728/226/51 722/227/117 721/228/118
f 291/61/112 269/62/21 283/63/49
f 74/532/42 41/436/31 42/533/42
s 0
f 1034/534/31 1033/535/31 1032/536/31
s 1
f 984/73/32 975/74/25 983/75/35
f 981/25/18 972/103/19 980/104/20
f 452/90/41 446/91/106 445/92/63
f 1026/348/21 1015/349/46 1018/337/54
f 1094/537/140 1105/538/31 1093/539/31
f 503/10/9 494/11/10 502/7/11
f 1027/450/25 1020/287/115 1019/323/138
f 231/129/21 222/130/65 230/131/66
f 397/6/104 389/18/15 396/19/48
f 966/110/19 960/111/54 959/106/53
f 433/204/67 440/205/107 434/169/11
f 644/275/4 638/200/14 637/217/16
f 781/217/16 793/446/165 788/275/4
f 506/161/84 514/171/124 507/172/139
f 933/277/126 927/444/20 926/200/14
f 844/247/121 837/461/18 836/462/20
f 363/163/48 371/158/103 364/160/104
f 698/463/4 706/136/68 699/267/126
f 929/464/7 936/203/156 930/465/12
f 936/203/156 929/464/7 942/201/157
f 928/466/18 935/467/122 929/468/7
f 935/467/122 941/469/40 929/468/7
s 0
f 1036/540/19 1030/541/19 1031/542/19
s 1
f 836/104/20 827/510/52 835/15/14
f 927/22/20 919/199/52 926/200/14
f 1023/322/13 1019/323/138 1015/324/46
f 1025/336/19 1018/337/54 1017/273/53
f 983/75/35 974/183/13 982/184/7
f 856/328/98 867/208/108 864/329/7
f 714/318/129 722/227/117 715/207/72
f 1000/190/98 1012/472/160 1005/266/125
f 1012/472/160 1006/501/55 1005/266/125
f 810/230/108 813/346/46 807/231/7
f 872/226/51 866/227/117 865/228/118
f 957/95/46 955/476/156 951/531/7
f 909/476/102 913/477/115 910/455/154
f 950/456/57 956/478/165 945/479/4
f 956/478/165 962/480/137 945/479/4
f 945/479/4 952/481/118 946/482/129
f 952/481/118 945/479/4 958/483/51
f 385/61/24 366/62/25 378/63/26
f 820/93/13 817/94/45 813/95/46
f 486/138/10 480/139/113 479/91/106
f 363/19/48 362/139/4 369/10/9
f 519/185/19 512/66/34 511/18/109
f 963/100/15 958/101/51 945/102/4
f 369/10/9 361/11/10 368/7/11
f 399/326/25 391/327/75 398/278/76
f 969/314/136 945/102/4 962/233/137
f 1006/112/55 999/113/56 998/114/37
f 178/90/33 171/91/43 170/92/44
f 154/131/66 145/215/10 153/4/3
f 1022/335/15 1016/274/51 1001/123/4
f 466/9/67 458/80/13 465/79/25
f 1071/417/175 1064/527/174 1063/471/181
f 609/465/78 613/202/101 610/445/32
f 637/217/16 649/446/165 644/275/4
f 690/17/16 704/488/166 698/463/4
f 897/465/78 901/202/101 898/445/32
f 616/528/37 614/446/151 613/202/101
f 987/267/126 980/462/20 979/15/14
f 904/528/37 902/446/151 901/202/101
f 988/247/121 981/461/18 980/462/20
f 644/275/4 655/118/59 650/117/58
f 932/275/4 943/118/59 938/117/58
f 759/201/38 757/202/101 756/203/102
f 982/492/7 990/252/123 983/493/35
f 990/252/123 982/492/7 997/250/99
f 981/461/18 989/249/122 982/494/7
f 989/249/122 996/248/40 982/494/7
f 487/221/112 475/18/109 480/139/113
f 637/217/16 636/519/136 643/70/172
f 944/498/98 942/78/157 929/499/7
f 420/138/10 414/139/113 413/91/106
f 982/23/7 973/24/21 981/25/18
f 947/454/72 941/156/40 940/292/73
f 255/138/1 248/139/69 247/91/43
f 985/127/64 976/128/31 984/73/32
f 800/498/98 811/476/156 805/76/170
f 909/476/102 907/457/55 906/76/36
f 622/455/154 620/456/155 619/457/55
f 856/190/98 868/472/160 861/266/125
f 910/455/154 908/456/155 907/457/55
f 621/476/102 619/457/55 618/76/36
f 724/472/160 727/324/46 731/323/138
f 959/502/53 954/230/108 953/500/117
f 622/455/154 626/480/119 623/478/151
f 669/95/46 667/476/156 663/531/7
f 958/483/51 953/500/117 952/481/118
f 621/476/102 625/477/115 622/455/154
f 1007/507/120 1014/505/171 1001/508/4
f 1014/505/171 1021/504/61 1001/508/4
f 1001/508/4 1009/228/118 1002/318/129
f 1009/228/118 1001/508/4 1016/226/51
f 462/19/48 461/139/4 468/10/9
f 1002/339/129 995/144/73 994/136/68
f 79/332/112 46/333/127 47/334/112
s 0
f 1037/151/15 1035/152/15 1036/153/15
s 1
f 271/7/6 262/8/7 270/9/8
f 288/185/31 281/66/62 280/18/94
f 929/125/7 921/126/21 928/20/18
f 925/217/16 924/519/136 931/70/172
f 1075/443/150 1067/491/182 1074/449/153
f 1071/417/175 1062/174/89 1070/543/41
f 274/158/82 280/210/94 281/211/62
f 646/460/121 653/469/40 647/467/122
f 803/489/72 810/230/108 804/154/39
f 119/169/6 127/164/83 120/165/71
f 1082/544/183 1076/173/88 1075/443/150
f 1052/419/146 1058/473/184 1051/545/185
f 1011/208/108 1015/349/46 1008/329/7
f 1039/174/158 1048/173/177 1047/543/112
f 858/318/129 866/227/117 859/207/72
f 1012/472/160 1020/506/115 1013/503/154
f 1044/526/179 1051/545/185 1043/546/186
f 1051/545/185 1058/473/184 1043/546/186
f 1042/491/167 1043/547/187 1050/449/188
f 1050/449/188 1043/547/187 1057/448/189
f 983/493/35 991/251/101 984/490/32
f 1076/173/88 1077/474/29 1070/543/41
f 1048/173/177 1054/474/127 1047/543/112
f 934/460/121 928/466/18 927/444/20
f 840/490/32 848/488/166 841/127/64
f 1045/527/180 1053/417/144 1052/419/146
f 1056/544/190 1048/173/177 1049/443/168
f 1057/448/189 1049/443/168 1050/449/188
f 978/17/16 987/267/126 979/15/14
f 1077/474/29 1071/417/175 1070/543/41
f 1013/503/154 1021/504/61 1014/505/171
f 815/502/53 810/230/108 809/500/117
f 1065/526/173 1073/545/191 1066/546/192
f 1073/545/191 1080/473/161 1066/546/192
f 1067/491/182 1066/547/193 1074/449/153
f 1074/449/153 1066/547/193 1081/448/152
s 0
f 1090/58/13 1088/548/13 1086/549/13
f 1086/549/13 1085/550/13 1084/551/13
f 1084/551/13 1095/552/13 1086/549/13
f 1095/552/13 1094/59/13 1086/549/13
f 1094/59/13 1093/553/13 1092/60/13
f 1092/60/13 1091/554/13 1090/58/13
f 1090/58/13 1089/555/13 1088/548/13
f 1088/548/13 1087/556/13 1086/549/13
s 1
f 1095/316/74 1106/557/140 1094/537/140
f 1105/558/31 1092/559/142 1093/560/31
f 415/115/31 412/92/63 399/80/25
s 0
f 747/561/10 744/562/10 742/563/10
s 1
f 272/10/71 263/11/1 271/7/6
f 980/104/20 971/510/52 979/15/14
f 1098/564/141 1085/313/135 1086/565/141
f 1104/566/142 1091/308/133 1092/559/142
f 1028/286/31 1021/124/61 1020/287/115
f 465/129/25 457/130/75 464/131/76
f 930/12/12 922/13/13 929/14/7
f 1100/567/143 1087/568/19 1088/530/143
s 0
f 1108/569/19 1111/570/19 1110/571/19
f 1111/570/10 1114/572/10 1110/573/10
f 1115/574/31 1112/575/31 1114/576/31
f 1113/577/1 1108/578/1 1112/579/1
f 1111/577/15 1113/570/15 1115/580/15
s 1
f 1117/581/194 1118/582/195 1116/583/196
f 1119/584/197 1120/585/198 1118/582/195
f 1121/586/199 1122/587/200 1120/585/198
f 1123/588/201 1124/589/202 1122/587/200
f 1125/590/203 1126/591/204 1124/589/202
f 1127/592/205 1128/593/206 1126/591/204
f 1129/594/207 1125/595/203 1121/596/199
f 1129/597/207 1130/598/208 1128/593/206
f 1131/599/209 1116/600/196 1130/598/208
f 1122/601/200 1126/602/204 1130/603/208
f 1133/581/194 1134/582/195 1132/583/196
f 1135/584/197 1136/585/198 1134/582/195
f 1137/586/199 1138/587/200 1136/585/198
f 1139/588/201 1140/589/202 1138/587/200
f 1141/590/203 1142/591/204 1140/589/202
f 1142/591/204 1145/597/207 1144/593/206
f 1145/604/207 1141/605/203 1137/606/199
f 1145/597/207 1146/598/208 1144/593/206
f 1147/599/209 1132/600/196 1146/598/208
f 1138/601/200 1142/602/204 1146/603/208
f 605/607/74 592/440/140 593/149/74
f 583/430/135 595/148/10 582/150/10
f 1099/608/19 1086/565/141 1087/568/19
f 1099/609/15 1103/610/15 1107/611/15
f 573/612/15 577/613/15 581/614/15
f 549/615/15 553/616/15 557/617/15
f 597/618/15 601/619/15 605/620/15
f 61/1/1 60/484/2 28/2/2
f 191/4/3 183/215/10 182/5/4
f 195/7/6 187/11/1 186/8/7
f 468/10/9 461/139/4 460/11/10
f 786/12/12 779/157/210 778/13/13
f 691/15/14 683/510/52 682/16/15
f 228/6/5 220/5/4 219/18/15
f 640/20/18 633/126/21 632/21/19
f 694/23/7 686/621/13 685/24/21
f 39/26/22 71/305/22 70/27/23
s 0
f 42/29/15 41/622/15 57/30/15
f 42/29/15 58/31/15 59/32/15
f 46/34/15 62/623/15 63/35/15
f 48/37/15 47/36/15 63/35/15
f 44/39/15 60/42/15 61/40/15
f 44/39/15 43/33/15 59/32/15
f 38/43/15 54/624/15 55/44/15
f 53/46/15 54/624/15 38/43/15
f 61/40/15 62/623/15 46/34/15
f 40/48/15 39/45/15 55/44/15
f 40/48/15 56/49/15 57/50/15
f 34/52/15 33/458/15 50/53/15
f 36/55/15 52/625/15 53/46/15
f 34/52/15 49/54/15 51/56/15
f 1090/58/13 1086/549/13 1094/59/13
f 51/56/15 52/625/15 36/55/15
s 1
f 418/61/24 415/626/31 399/62/25
f 308/64/2 309/99/1 306/65/27
f 77/67/10 76/627/29 44/68/29
f 611/70/30 608/519/211 607/71/31
f 520/64/33 521/99/1 513/65/27
f 696/73/32 688/128/31 687/74/25
f 229/4/3 221/215/10 220/5/4
f 762/76/36 763/283/55 760/77/37
f 193/79/21 194/9/8 186/8/7
f 1004/81/39 1000/328/98 982/82/7
f 51/84/41 49/514/42 18/85/42
s 0
f 1035/87/10 1034/628/10 1032/88/10
s 1
f 140/90/33 141/138/1 133/91/43
f 964/93/13 968/222/210 961/94/45
f 497/6/47 489/5/70 488/18/15
f 50/96/31 64/257/24 32/97/24
f 138/99/10 139/61/112 131/63/49
f 819/100/15 821/105/52 814/101/51
f 837/25/18 829/24/21 828/103/19
f 965/105/52 966/110/19 959/106/53
s 0
f 13/107/31 16/629/31 12/108/31
s 1
f 678/110/19 679/345/21 672/111/54
f 718/112/55 719/240/120 711/113/56
f 211/115/19 216/90/33 208/92/44
f 950/116/57 945/509/4 938/117/58
s 0
f 93/119/15 94/630/15 96/120/15
s 1
f 741/122/60 734/335/15 713/123/4
f 213/64/41 214/99/10 206/65/50
f 641/125/7 634/631/13 633/126/21
f 402/10/9 395/139/4 394/11/10
f 382/115/31 386/90/41 379/92/63
f 841/127/64 833/237/60 832/128/31
f 117/129/21 109/62/13 108/130/65
f 400/132/67 393/513/65 392/133/13
f 1001/135/4 1002/339/129 994/136/68
f 217/138/1 218/221/22 210/139/69
f 189/19/17 181/18/15 188/139/70
s 0
f 14/140/10 13/629/10 11/141/10
s 1
f 1003/143/72 1004/81/39 996/83/40
f 63/145/22 62/343/23 30/146/23
f 595/148/10 605/607/74 593/149/74
f 713/135/4 714/339/129 706/136/68
f 432/129/25 425/62/13 424/130/75
s 0
f 749/151/15 746/632/15 747/152/15
s 1
f 660/154/39 656/229/98 641/155/7
f 898/72/32 895/71/31 894/157/77
f 505/158/79 506/161/84 498/159/80
f 237/161/81 238/172/87 230/162/66
f 227/163/17 235/253/60 236/158/82
f 203/164/83 197/253/60 189/163/17
f 333/166/84 334/177/92 331/167/85
f 401/169/11 407/205/107 408/164/86
f 236/158/82 243/211/62 244/170/50
f 271/169/6 278/205/105 279/164/83
f 161/161/81 168/170/50 169/171/49
f 1076/173/88 1070/543/41 1062/174/89
f 189/163/17 197/253/60 198/158/82
f 318/166/84 321/633/27 322/176/91
f 695/75/35 687/74/25 686/183/13
f 174/185/31 175/64/41 167/66/62
f 67/186/33 65/238/95 34/187/95
f 821/105/52 822/110/19 815/106/53
f 330/4/80 327/215/1 326/5/96
f 396/19/48 389/18/15 395/139/4
f 481/115/31 485/90/41 478/92/63
f 72/27/24 71/496/22 39/189/22
f 712/190/98 717/266/125 709/191/99
f 59/193/33 58/495/95 26/194/95
f 156/9/8 148/8/7 147/80/13
f 266/6/5 258/5/4 257/18/15
s 0
f 5/196/31 8/254/31 4/197/31
s 1
f 783/22/20 776/21/19 775/199/52
f 496/19/48 488/18/15 495/139/4
s 0
f 92/119/15 91/630/15 89/120/15
s 1
f 347/158/100 348/161/84 345/159/80
f 615/201/38 616/528/37 613/202/101
f 510/164/86 504/253/52 496/163/48
f 429/163/48 436/253/52 437/158/103
f 270/204/8 277/290/93 278/205/105
f 413/206/106 414/447/113 408/164/86
f 1003/207/72 1010/227/117 1011/208/108
f 302/158/100 303/161/84 300/159/80
f 374/205/107 373/290/131 379/209/63
f 122/158/82 121/253/60 128/210/94
f 505/158/79 504/253/52 511/210/109
f 278/205/105 277/290/93 284/209/44
f 66/212/19 80/634/110 48/213/110
f 433/9/67 426/8/65 425/80/13
f 885/122/60 878/335/15 857/123/4
f 979/15/14 971/510/52 970/16/15
f 353/64/2 354/99/1 351/65/27
f 137/64/41 138/99/10 130/65/50
f 268/131/66 260/130/65 259/215/10
f 383/185/19 384/64/95 377/66/111
f 806/116/57 801/509/4 794/117/58
f 926/200/14 919/199/52 918/216/15
s 0
f 748/218/19 747/635/19 742/219/19
s 1
f 142/221/22 136/185/31 128/18/94
f 454/221/112 449/185/19 442/18/109
f 499/131/114 491/130/7 490/215/1
f 627/222/77 628/232/31 625/223/115
s 0
f 16/107/1 15/299/1 10/224/1
s 1
f 1016/226/51 1017/317/53 1010/227/117
f 161/161/81 162/172/87 154/162/66
f 375/164/86 370/253/52 363/163/48
f 462/163/48 469/253/52 470/158/103
f 446/206/106 447/447/113 441/164/86
f 191/159/3 190/160/5 198/158/82
f 332/158/100 333/161/84 330/159/80
f 440/205/107 439/290/131 445/209/63
f 800/229/98 804/154/39 810/230/108
f 404/158/103 403/253/52 409/210/109
f 318/166/84 319/177/92 316/167/85
f 141/138/1 142/221/22 134/139/69
f 196/10/71 188/139/70 187/11/1
f 916/232/31 917/314/211 914/233/119
s 0
f 84/119/15 83/630/15 81/120/15
s 1
f 467/7/11 460/11/10 459/8/65
s 0
f 104/234/15 103/636/15 101/235/15
s 1
f 482/185/19 483/64/95 476/66/111
f 610/72/32 607/71/31 606/157/77
f 978/17/16 970/16/15 977/237/60
f 771/222/77 772/232/31 769/223/115
f 68/238/2 67/347/33 35/239/33
s 0
f 893/151/15 890/632/15 891/152/15
s 1
f 863/240/120 857/135/4 849/137/58
f 368/241/11 361/637/10 360/242/65
f 155/129/21 147/62/13 146/130/65
s 0
f 746/244/31 749/638/31 745/245/31
s 1
f 209/206/43 210/447/69 203/164/83
f 988/247/121 995/268/73 996/248/40
f 408/164/86 403/253/52 396/163/48
f 371/158/103 370/253/52 376/210/109
f 156/204/8 163/290/93 164/205/105
f 479/206/106 480/447/113 474/164/86
f 122/158/82 123/161/81 115/159/3
f 157/169/6 164/205/105 165/164/83
f 709/250/99 710/511/37 703/251/101
f 160/158/82 159/253/60 166/210/94
f 279/164/83 286/447/69 280/210/94
f 333/166/84 336/633/27 337/176/91
f 1007/240/120 1001/135/4 993/137/58
f 834/17/16 826/16/15 833/237/60
s 0
f 8/254/1 7/639/1 2/255/1
s 1
f 234/10/71 226/139/70 225/11/1
f 64/257/24 63/145/22 31/147/22
f 115/4/3 107/215/10 106/5/4
f 715/143/72 716/81/39 708/83/40
f 324/258/1 325/640/23 322/259/91
f 1029/122/60 1022/335/15 1001/123/4
f 119/7/6 111/11/1 110/8/7
f 56/261/110 55/344/112 23/262/112
f 522/61/22 518/626/31 500/62/25
f 451/61/24 448/626/31 432/62/25
f 366/264/25 367/243/67 360/242/65
f 253/61/112 249/626/19 231/62/21
f 1005/266/125 1006/112/55 998/114/37
f 285/206/43 286/447/69 279/164/83
f 123/161/81 130/170/50 131/171/49
f 441/164/86 436/253/52 429/163/48
f 496/163/48 504/253/52 505/158/79
f 303/166/84 304/177/92 301/167/85
f 274/158/82 281/211/62 282/170/50
f 987/267/126 994/136/68 995/268/73
f 171/206/43 172/447/69 165/164/83
f 509/205/107 508/290/131 515/209/63
f 375/164/86 381/447/113 376/210/109
f 165/164/83 172/447/69 166/210/94
f 348/166/84 351/633/27 352/176/91
f 435/10/9 428/139/4 427/11/10
f 153/4/3 145/215/10 144/5/4
f 54/269/127 53/281/10 21/270/10
f 899/70/30 896/519/211 895/71/31
f 862/112/55 863/240/120 855/113/56
f 518/115/31 523/90/41 515/92/63
f 502/7/11 494/11/10 493/8/65
f 880/272/52 881/336/19 873/273/53
f 788/275/4 794/117/58 795/276/68
f 346/278/85 343/327/212 342/279/1
f 303/166/84 306/633/27 307/176/91
f 247/206/43 248/447/69 241/164/83
f 233/169/6 240/205/105 241/164/83
f 164/205/105 163/290/93 170/209/44
f 53/281/10 52/487/29 20/282/29
f 619/283/55 620/116/155 617/118/128
f 57/284/19 56/261/110 24/263/110
f 740/286/31 741/122/60 733/124/61
f 506/161/84 507/172/139 499/162/114
f 302/158/100 305/211/28 306/170/27
f 347/158/100 350/211/28 351/170/27
f 118/204/8 125/290/93 126/205/105
f 716/81/39 712/328/98 694/82/7
s 0
f 6/288/10 5/641/10 3/289/10
s 1
f 214/99/10 215/61/112 207/63/49
f 316/278/85 313/327/212 312/279/1
f 232/204/8 239/290/93 240/205/105
f 332/158/100 335/211/28 336/170/27
f 195/169/6 202/205/105 203/164/83
f 126/205/105 125/290/93 132/209/44
f 179/138/1 180/221/22 172/139/69
f 676/93/13 680/222/210 673/94/45
f 299/6/97 300/4/80 297/215/1
f 344/6/97 345/4/80 342/215/1
f 208/209/44 209/206/43 202/205/105
f 317/158/100 320/211/28 321/170/27
f 317/158/100 318/161/84 315/159/80
f 348/166/84 349/177/92 346/167/85
f 662/116/57 657/509/4 650/117/58
f 802/291/129 803/454/72 796/292/73
f 363/19/48 364/6/104 357/5/130
f 292/90/33 293/138/1 285/91/43
f 331/278/85 328/327/212 327/279/1
f 462/19/48 463/6/104 456/5/130
f 928/20/18 921/126/21 920/21/19
f 139/61/112 135/626/19 117/62/21
f 274/158/82 275/161/81 267/159/3
f 279/164/83 273/253/60 265/163/17
f 265/163/17 273/253/60 274/158/82
f 199/161/81 200/172/87 192/162/66
f 368/169/11 374/205/107 375/164/86
f 470/158/103 469/253/52 475/210/109
f 408/164/86 414/447/113 409/210/109
f 400/180/67 406/179/131 407/293/107
f 250/185/31 251/64/41 243/66/62
f 218/221/22 212/185/31 204/18/94
f 521/99/1 522/61/22 514/63/124
s 0
f 15/299/19 14/140/19 9/300/19
f 7/302/19 6/288/19 1/256/19
s 1
f 523/90/41 524/138/10 516/91/106
f 256/221/22 250/185/31 242/18/94
f 860/81/39 856/328/98 838/82/7
f 498/4/80 490/215/1 489/5/70
f 453/138/10 454/221/112 447/139/113
f 38/304/23 70/642/23 69/305/1
f 784/20/18 777/126/21 776/21/19
f 160/158/82 161/161/81 153/159/3
f 234/165/71 241/164/83 235/253/60
f 151/163/17 159/253/60 160/158/82
f 466/204/67 472/290/131 473/205/107
f 160/158/82 167/211/62 168/170/50
f 241/164/83 248/447/69 242/210/94
f 474/164/86 480/447/113 475/210/109
f 997/250/99 998/511/37 991/251/101
f 1103/306/133 1102/309/1 1090/307/1
f 448/115/31 452/90/41 445/92/63
f 116/131/66 108/130/65 107/215/10
f 449/185/19 450/64/95 443/66/111
f 293/138/1 294/221/22 286/139/69
f 216/90/33 217/138/1 209/91/43
f 907/283/55 908/116/155 905/118/128
f 1102/309/1 1101/529/134 1089/310/134
f 1096/311/135 1097/315/10 1084/312/10
f 825/314/136 819/100/15 801/102/4
s 0
f 100/234/15 99/636/15 97/235/15
s 1
f 1097/315/10 1107/643/74 1095/316/74
f 1017/317/53 1018/337/54 1011/208/108
f 396/163/48 403/253/52 404/158/103
f 121/253/60 122/158/82 114/160/5
f 199/161/81 206/170/50 207/171/49
f 434/169/11 440/205/107 441/164/86
f 203/164/83 210/447/69 204/210/94
f 198/158/82 197/253/60 204/210/94
f 1002/318/129 1009/228/118 1010/227/117
s 0
f 1037/319/1 1036/644/1 1031/320/1
s 1
f 879/322/13 883/450/25 875/323/138
f 269/129/21 261/62/13 260/130/65
f 176/99/10 177/61/112 169/63/49
f 212/185/31 213/64/41 205/66/62
s 0
f 8/325/15 5/645/15 6/254/15
s 1
f 366/326/25 359/646/13 358/327/75
f 192/131/66 184/130/65 183/215/10
f 948/154/39 944/229/98 929/155/7
f 301/278/85 298/327/212 297/279/1
f 419/90/41 420/138/10 413/91/106
f 249/115/19 254/90/33 246/92/44
f 502/169/11 509/205/107 510/164/86
f 158/165/71 165/164/83 159/253/60
f 1000/328/98 1004/81/39 1011/208/108
f 367/297/67 373/296/131 374/330/107
f 122/158/82 129/211/62 130/170/50
f 437/158/103 436/253/52 442/210/109
f 510/164/86 517/447/113 511/210/109
f 853/250/99 854/511/37 847/251/101
f 946/291/129 947/454/72 940/292/73
f 78/332/127 77/338/10 45/333/10
f 878/335/15 880/272/52 872/274/51
f 1000/190/98 1005/266/125 997/191/99
f 151/19/17 143/18/15 150/139/70
f 906/76/36 907/283/55 904/77/37
f 881/336/19 882/348/21 874/337/54
f 80/338/110 79/212/112 47/214/112
f 1024/272/52 1025/336/19 1017/273/53
f 858/339/129 859/143/72 851/144/73
s 0
f 892/340/19 891/647/19 886/341/19
s 1
f 62/343/23 61/1/1 29/3/1
f 55/344/112 54/269/127 22/271/127
f 967/345/21 964/648/13 957/346/46
f 516/206/106 517/447/113 510/164/86
f 194/204/8 201/290/93 202/205/105
f 127/164/83 121/253/60 113/163/17
f 474/164/86 469/253/52 462/163/48
f 275/161/81 282/170/50 283/171/49
f 505/158/79 512/211/34 513/170/27
f 133/206/43 134/447/69 127/164/83
f 236/158/82 237/161/81 229/159/3
f 246/209/44 247/206/43 240/205/105
f 127/164/83 134/447/69 128/210/94
f 441/164/86 447/447/113 442/210/109
f 275/161/81 276/172/87 268/162/66
f 429/19/48 422/18/15 428/139/4
f 434/7/11 427/11/10 426/8/65
f 175/64/41 176/99/10 168/65/50
f 290/99/10 291/61/112 283/63/49
f 69/347/1 68/642/2 36/304/2
f 882/348/21 879/649/13 871/349/46
f 823/345/21 820/648/13 813/346/46
f 135/115/19 140/90/33 132/92/44
s 0
f 527/350/19 529/650/19 528/351/19
f 529/353/10 533/651/10 532/354/10
f 533/356/31 531/652/31 530/355/31
f 531/358/1 527/653/1 526/359/1
f 532/361/13 530/654/13 526/356/13
f 529/363/15 527/655/15 531/364/15
s 1
f 557/371/74 556/391/140 544/372/140
f 549/374/19 548/390/141 536/375/141
f 554/377/142 553/393/133 541/378/133
f 535/380/135 546/656/135 547/381/10
f 543/383/31 555/415/31 554/377/142
f 574/384/143 573/404/19 561/385/19
f 552/387/1 551/420/134 539/388/134
f 548/390/141 546/656/135 535/380/135
f 556/391/140 555/657/31 543/392/31
f 547/381/10 557/371/74 545/373/74
f 553/393/133 552/387/1 540/389/1
f 550/394/143 549/374/19 537/376/19
f 572/396/141 570/412/135 559/397/135
f 578/399/142 577/416/133 565/400/133
f 575/402/134 574/384/143 562/386/143
f 573/404/19 572/396/141 560/398/141
f 579/405/31 578/399/142 566/401/142
f 571/407/10 581/658/74 569/408/74
f 576/410/1 575/402/134 563/403/134
f 570/412/135 571/407/10 558/409/10
f 569/408/74 581/658/74 580/413/140
f 568/414/140 580/413/140 579/415/31
f 577/416/133 576/410/1 564/411/1
f 1053/417/144 1060/475/164 1059/418/145
f 551/420/134 550/394/143 538/395/143
f 602/421/147 601/441/133 589/422/133
f 599/424/134 598/427/143 586/425/143
f 598/427/143 597/437/19 585/428/19
f 596/429/141 594/659/135 583/430/135
f 591/392/31 603/657/213 602/421/147
f 600/432/1 599/424/134 587/426/134
f 75/434/41 74/470/42 42/435/42
f 597/437/19 596/429/141 584/431/141
f 604/438/148 603/660/213 591/439/31
f 601/441/133 600/432/1 588/433/1
f 120/10/71 112/139/70 111/11/1
s 0
f 88/119/15 87/630/15 85/120/15
s 1
f 1076/173/88 1069/175/90 1068/442/149
f 789/277/126 790/460/121 783/444/20
f 610/445/32 613/202/101 614/446/151
f 123/161/81 124/172/87 116/162/66
f 717/266/125 718/112/55 710/114/37
f 265/19/17 257/18/15 264/139/70
f 375/164/86 374/205/107 380/206/106
f 237/161/81 244/170/50 245/171/49
f 467/169/11 473/205/107 474/164/86
f 1081/448/152 1082/544/183 1075/443/150
f 136/185/31 137/64/41 129/66/62
f 270/9/8 262/8/7 261/80/13
f 734/335/15 736/272/52 728/274/51
f 739/450/25 740/286/31 732/287/115
f 628/232/31 629/314/211 626/233/119
s 0
f 749/451/1 748/661/1 743/452/1
s 1
f 679/345/21 676/648/13 669/346/46
f 690/17/16 682/16/15 689/237/60
f 659/454/72 660/154/39 653/156/40
f 639/22/20 632/21/19 631/199/52
f 114/6/5 106/5/4 105/18/15
f 233/7/6 225/11/1 224/8/7
f 177/61/112 173/626/19 155/62/21
f 766/455/154 767/478/151 764/456/155
s 0
f 33/458/15 48/37/15 64/38/15
s 1
f 834/17/16 842/463/4 843/267/126
f 645/277/126 651/276/68 652/459/73
f 933/277/126 939/276/68 940/459/73
f 700/247/121 701/249/122 693/461/18
f 842/463/4 848/488/166 855/113/56
f 644/275/4 650/117/58 651/276/68
f 387/138/10 388/221/112 381/139/113
f 618/76/36 619/283/55 616/77/37
f 638/200/14 631/199/52 630/216/15
f 840/73/32 832/128/31 831/74/25
f 76/470/29 75/67/41 43/69/41
f 524/138/10 525/221/112 517/139/113
f 712/328/98 716/81/39 723/208/108
f 790/460/121 796/459/73 797/469/40
f 1039/174/158 1047/543/112 1053/417/144
f 715/207/72 722/227/117 723/208/108
f 868/472/160 864/662/7 871/324/46
f 1080/473/161 1073/545/191 1072/419/162
f 1053/417/144 1047/543/112 1054/474/127
f 765/476/102 768/94/116 769/477/115
f 158/10/71 150/139/70 149/11/1
f 60/484/2 59/193/33 27/195/33
f 65/485/95 66/186/19 33/188/19
f 323/64/2 324/99/1 321/65/27
f 289/64/41 290/99/10 282/65/50
f 354/258/1 355/640/23 352/259/91
f 736/272/52 737/336/19 729/273/53
f 251/64/41 252/99/10 244/65/50
f 118/9/8 110/8/7 109/80/13
f 339/258/1 340/640/23 337/259/91
f 52/487/29 51/84/41 19/86/41
f 738/348/21 735/649/13 727/349/46
s 0
f 16/107/15 13/629/15 14/140/15
s 1
f 735/322/13 739/450/25 731/323/138
f 754/445/32 757/202/101 758/446/151
f 646/460/121 647/467/122 640/466/18
f 834/17/16 841/127/64 848/488/166
f 788/275/4 789/277/126 782/200/14
f 790/460/121 791/467/122 784/466/18
f 947/489/72 953/500/117 954/230/108
f 696/490/32 703/251/101 704/488/166
f 898/445/32 901/202/101 902/446/151
f 1042/491/167 1050/449/188 1049/443/168
f 698/463/4 704/488/166 711/113/56
f 788/275/4 793/446/165 799/118/59
f 903/201/38 904/528/37 901/202/101
f 227/19/17 219/18/15 226/139/70
f 714/339/129 715/143/72 707/144/73
f 254/90/33 255/138/1 247/91/43
f 58/495/95 57/284/19 25/285/19
f 173/115/19 178/90/33 170/92/44
f 73/496/31 72/663/24 40/497/24
f 675/100/15 677/105/52 670/101/51
f 656/498/98 661/76/170 654/78/157
f 236/158/82 235/253/60 242/210/94
f 198/158/82 205/211/62 206/170/50
f 658/482/129 664/481/118 665/500/117
f 656/498/98 663/531/7 667/476/156
f 695/493/35 702/252/123 703/251/101
f 868/472/160 869/503/154 862/501/55
f 867/208/108 874/337/54 871/349/46
f 671/502/53 672/111/54 666/230/108
f 725/503/154 732/506/115 733/504/61
f 666/230/108 672/111/54 669/346/46
f 766/455/154 769/477/115 770/480/119
f 868/472/160 875/323/138 876/506/115
f 737/336/19 738/348/21 730/337/54
f 719/240/120 713/135/4 705/137/58
f 697/127/64 689/237/60 688/128/31
f 338/64/2 339/99/1 336/65/27
f 657/509/4 658/291/129 651/276/68
f 692/104/20 684/103/19 683/510/52
f 681/314/136 675/100/15 657/102/4
f 113/19/17 105/18/15 112/139/70
f 677/105/52 678/110/19 671/106/53
f 801/509/4 802/291/129 795/276/68
f 699/267/126 700/247/121 692/462/20
f 839/493/35 846/252/123 847/251/101
f 710/511/37 711/113/56 704/488/166
f 478/209/63 479/206/106 473/205/107
f 309/258/1 310/640/23 307/259/91
f 772/232/31 773/314/211 770/233/119
f 859/207/72 866/227/117 867/208/108
f 869/503/154 870/505/171 863/507/120
f 729/317/53 730/337/54 723/208/108
f 670/483/51 671/502/53 665/500/117
f 693/25/18 685/24/21 684/103/19
f 822/110/19 823/345/21 816/111/54
f 401/512/11 394/664/10 393/513/65
f 152/6/5 144/5/4 143/18/15
f 49/514/42 50/665/31 17/515/31
f 803/454/72 804/154/39 797/156/40
f 294/221/22 288/185/31 280/18/94
f 500/129/25 492/62/13 491/130/7
f 429/19/48 430/6/104 423/5/130
f 883/450/25 884/286/31 876/287/115
f 193/129/21 185/62/13 184/130/65
f 839/75/35 831/74/25 830/183/13
f 180/221/22 174/185/31 166/18/94
f 934/460/121 940/459/73 941/469/40
f 932/275/4 933/277/126 926/200/14
f 978/17/16 985/127/64 992/488/166
f 789/277/126 795/276/68 796/459/73
f 645/277/126 646/460/121 639/444/20
f 725/503/154 726/505/171 719/507/120
f 986/463/4 993/137/58 994/136/68
f 932/275/4 938/117/58 939/276/68
f 856/190/98 861/266/125 853/191/99
f 804/154/39 800/229/98 785/155/7
f 838/23/7 830/621/13 829/24/21
f 785/125/7 778/631/13 777/126/21
f 500/79/25 501/9/67 493/8/65
s 0
f 890/516/31 893/666/31 889/517/31
s 1
f 944/229/98 948/154/39 954/230/108
f 946/482/129 952/481/118 953/500/117
f 944/498/98 951/531/7 955/476/156
f 659/489/72 665/500/117 666/230/108
f 954/230/108 960/111/54 957/346/46
f 869/503/154 876/506/115 877/504/61
f 723/208/108 730/337/54 727/349/46
f 724/472/160 731/323/138 732/506/115
f 859/143/72 860/81/39 852/83/40
f 754/72/32 751/71/31 750/157/77
f 781/217/16 774/216/15 780/519/136
f 232/9/8 224/8/7 223/80/13
f 315/4/80 312/215/1 311/5/96
f 857/135/4 858/339/129 850/136/68
s 0
f 891/520/10 890/667/10 888/521/10
s 1
f 835/15/14 827/510/52 826/16/15
s 0
f 893/523/1 892/668/1 887/524/1
s 1
f 421/221/112 416/185/19 409/18/109
f 763/283/55 764/116/155 761/118/128
f 388/221/112 383/185/19 376/18/109
f 945/509/4 946/291/129 939/276/68
f 861/266/125 862/112/55 854/114/37
f 854/511/37 855/113/56 848/488/166
f 1072/419/162 1073/545/191 1065/526/173
f 690/17/16 698/463/4 699/267/126
f 925/217/16 931/70/172 937/446/165
f 844/247/121 851/268/73 852/248/40
f 843/267/126 850/136/68 851/268/73
f 998/511/37 999/113/56 992/488/166
f 760/528/37 761/118/128 758/446/151
f 1013/503/154 1014/505/171 1007/507/120
f 986/463/4 992/488/166 999/113/56
f 842/463/4 849/137/58 850/136/68
f 501/204/67 508/290/131 509/205/107
f 782/200/14 775/199/52 774/216/15
f 157/7/6 149/11/1 148/8/7
f 658/291/129 659/454/72 652/292/73
f 215/61/112 211/626/19 193/62/21
f 1101/529/134 1100/567/143 1088/530/143
f 190/6/5 182/5/4 181/18/15
f 755/70/30 752/519/211 751/71/31
f 252/99/10 253/61/112 245/63/49
f 656/229/98 660/154/39 666/230/108
f 765/476/102 766/455/154 763/457/55
f 802/482/129 808/481/118 809/500/117
f 712/190/98 720/662/7 724/472/160
f 700/247/121 707/268/73 708/248/40
f 724/472/160 725/503/154 718/501/55
f 1012/472/160 1008/662/7 1015/324/46
f 843/267/126 844/247/121 836/462/20
f 814/483/51 815/502/53 809/500/117
f 813/95/46 817/94/45 811/476/156
f 910/455/154 913/477/115 914/480/119
f 1079/418/163 1072/419/162 1071/417/175
f 267/4/3 259/215/10 258/5/4
f 642/12/12 635/157/210 634/13/13
f 287/115/19 292/90/33 284/92/44
f 800/498/98 805/76/170 798/78/157
f 386/90/41 387/138/10 380/91/106
f 525/221/112 519/185/19 511/18/109
f 484/61/24 481/626/31 465/62/25
f 230/131/66 222/130/65 221/215/10
f 485/90/41 486/138/10 479/91/106
f 884/286/31 885/122/60 877/124/61
f 699/267/126 706/136/68 707/268/73
f 753/465/78 756/203/102 757/202/101
f 984/490/32 991/251/101 992/488/166
f 412/209/63 413/206/106 407/205/107
f 915/222/77 916/232/31 913/223/115
f 416/185/19 417/64/95 410/66/111
f 1041/442/169 1049/443/168 1048/173/177
f 1052/419/146 1051/545/185 1044/526/179
f 873/317/53 874/337/54 867/208/108
f 728/226/51 729/317/53 722/227/117
f 291/61/112 287/626/19 269/62/21
f 74/532/42 73/434/31 41/436/31
s 0
f 1034/534/31 1037/669/31 1033/535/31
s 1
f 984/73/32 976/128/31 975/74/25
f 981/25/18 973/24/21 972/103/19
f 452/90/41 453/138/10 446/91/106
f 1026/348/21 1023/649/13 1015/349/46
f 1094/537/140 1106/557/140 1105/538/31
f 503/10/9 495/139/4 494/11/10
f 1027/450/25 1028/286/31 1020/287/115
f 231/129/21 223/62/13 222/130/65
f 397/6/104 390/5/130 389/18/15
f 966/110/19 967/345/21 960/111/54
f 433/204/67 439/290/131 440/205/107
f 644/275/4 645/277/126 638/200/14
f 781/217/16 787/70/172 793/446/165
f 506/161/84 513/170/27 514/171/124
f 933/277/126 934/460/121 927/444/20
f 844/247/121 845/249/122 837/461/18
f 363/163/48 370/253/52 371/158/103
f 698/463/4 705/137/58 706/136/68
s 0
f 1036/540/19 1035/670/19 1030/541/19
s 1
f 836/104/20 828/103/19 827/510/52
f 927/22/20 920/21/19 919/199/52
f 1023/322/13 1027/450/25 1019/323/138
f 1025/336/19 1026/348/21 1018/337/54
f 983/75/35 975/74/25 974/183/13
f 856/328/98 860/81/39 867/208/108
f 714/318/129 721/228/118 722/227/117
f 1000/190/98 1008/662/7 1012/472/160
f 1012/472/160 1013/503/154 1006/501/55
f 810/230/108 816/111/54 813/346/46
f 872/226/51 873/317/53 866/227/117
f 957/95/46 961/94/45 955/476/156
f 909/476/102 912/94/116 913/477/115
f 385/61/24 382/626/31 366/62/25
f 820/93/13 824/222/210 817/94/45
f 486/138/10 487/221/112 480/139/113
f 363/19/48 356/18/15 362/139/4
f 519/185/19 520/64/33 512/66/34
f 963/100/15 965/105/52 958/101/51
f 369/10/9 362/139/4 361/11/10
f 399/326/25 392/646/13 391/327/75
f 969/314/136 963/100/15 945/102/4
f 1006/112/55 1007/240/120 999/113/56
f 178/90/33 179/138/1 171/91/43
f 154/131/66 146/130/65 145/215/10
f 1022/335/15 1024/272/52 1016/274/51
f 466/9/67 459/8/65 458/80/13
f 1071/417/175 1072/419/162 1064/527/174
f 609/465/78 612/203/102 613/202/101
f 637/217/16 643/70/172 649/446/165
f 690/17/16 697/127/64 704/488/166
f 897/465/78 900/203/102 901/202/101
f 616/528/37 617/118/128 614/446/151
f 987/267/126 988/247/121 980/462/20
f 904/528/37 905/118/128 902/446/151
f 988/247/121 989/249/122 981/461/18
f 644/275/4 649/446/165 655/118/59
f 932/275/4 937/446/165 943/118/59
f 759/201/38 760/528/37 757/202/101
f 487/221/112 482/185/19 475/18/109
f 637/217/16 630/216/15 636/519/136
f 944/498/98 949/76/170 942/78/157
f 420/138/10 421/221/112 414/139/113
f 982/23/7 974/621/13 973/24/21
f 947/454/72 948/154/39 941/156/40
f 255/138/1 256/221/22 248/139/69
f 985/127/64 977/237/60 976/128/31
f 800/498/98 807/531/7 811/476/156
f 909/476/102 910/455/154 907/457/55
f 622/455/154 623/478/151 620/456/155
f 856/190/98 864/662/7 868/472/160
f 910/455/154 911/478/151 908/456/155
f 621/476/102 622/455/154 619/457/55
f 724/472/160 720/662/7 727/324/46
f 959/502/53 960/111/54 954/230/108
f 622/455/154 625/477/115 626/480/119
f 669/95/46 673/94/45 667/476/156
f 958/483/51 959/502/53 953/500/117
f 621/476/102 624/94/116 625/477/115
f 462/19/48 455/18/15 461/139/4
f 1002/339/129 1003/143/72 995/144/73
f 79/332/112 78/338/127 46/333/127
s 0
f 1037/151/15 1034/632/15 1035/152/15
s 1
f 271/7/6 263/11/1 262/8/7
f 288/185/31 289/64/41 281/66/62
f 929/125/7 922/631/13 921/126/21
f 925/217/16 918/216/15 924/519/136
f 1075/443/150 1068/442/149 1067/491/182
f 1071/417/175 1063/471/181 1062/174/89
f 274/158/82 273/253/60 280/210/94
f 646/460/121 652/459/73 653/469/40
f 803/489/72 809/500/117 810/230/108
f 119/169/6 126/205/105 127/164/83
f 1082/544/183 1083/671/214 1076/173/88
f 1052/419/146 1059/418/145 1058/473/184
f 1011/208/108 1018/337/54 1015/349/46
f 1039/174/158 1040/175/178 1048/173/177
f 858/318/129 865/228/118 866/227/117
f 1012/472/160 1019/323/138 1020/506/115
f 983/493/35 990/252/123 991/251/101
f 1076/173/88 1083/671/214 1077/474/29
f 1048/173/177 1055/671/215 1054/474/127
f 934/460/121 935/467/122 928/466/18
f 840/490/32 847/251/101 848/488/166
f 1045/527/180 1046/471/159 1053/417/144
f 1056/544/190 1055/671/215 1048/173/177
f 1057/448/189 1056/544/190 1049/443/168
f 978/17/16 986/463/4 987/267/126
f 1077/474/29 1078/475/176 1071/417/175
f 1013/503/154 1020/506/115 1021/504/61
f 815/502/53 816/111/54 810/230/108
f 1095/316/74 1107/643/74 1106/557/140
f 1105/558/31 1104/566/142 1092/559/142
f 415/115/31 419/90/41 412/92/63
s 0
f 747/561/10 746/672/10 744/562/10
s 1
f 272/10/71 264/139/70 263/11/1
f 980/104/20 972/103/19 971/510/52
f 1098/564/141 1096/311/135 1085/313/135
f 1104/566/142 1103/306/133 1091/308/133
f 1028/286/31 1029/122/60 1021/124/61
f 465/129/25 458/62/13 457/130/75
f 930/12/12 923/157/210 922/13/13
f 1100/567/143 1099/608/19 1087/568/19
s 0
f 1108/569/19 1109/580/19 1111/570/19
f 1111/570/10 1115/673/10 1114/572/10
f 1115/574/31 1113/674/31 1112/575/31
f 1113/577/1 1109/580/1 1108/578/1
f 1111/577/15 1109/673/15 1113/570/15
s 1
f 1117/581/194 1119/584/197 1118/582/195
f 1119/584/197 1121/586/199 1120/585/198
f 1121/586/199 1123/588/201 1122/587/200
f 1123/588/201 1125/590/203 1124/589/202
f 1125/590/203 1127/592/205 1126/591/204
f 1127/592/205 1129/597/207 1128/593/206
f 1121/596/199 1119/675/197 1117/676/194
f 1117/676/194 1131/677/209 1129/594/207
f 1129/594/207 1127/678/205 1125/595/203
f 1125/595/203 1123/679/201 1121/596/199
f 1121/596/199 1117/676/194 1129/594/207
f 1129/597/207 1131/599/209 1130/598/208
f 1131/599/209 1117/680/194 1116/600/196
f 1130/603/208 1116/681/196 1118/682/195
f 1118/682/195 1120/683/198 1122/601/200
f 1122/601/200 1124/684/202 1126/602/204
f 1126/602/204 1128/685/206 1130/603/208
f 1130/603/208 1118/682/195 1122/601/200
f 1133/581/194 1135/584/197 1134/582/195
f 1135/584/197 1137/586/199 1136/585/198
f 1137/586/199 1139/588/201 1138/587/200
f 1139/588/201 1141/590/203 1140/589/202
f 1141/590/203 1143/592/205 1142/591/204
f 1142/591/204 1143/592/205 1145/597/207
f 1137/606/199 1135/686/197 1133/687/194
f 1133/687/194 1147/688/209 1145/604/207
f 1145/604/207 1143/689/205 1141/605/203
f 1141/605/203 1139/690/201 1137/606/199
f 1137/606/199 1133/687/194 1145/604/207
f 1145/597/207 1147/599/209 1146/598/208
f 1147/599/209 1133/680/194 1132/600/196
f 1146/603/208 1132/681/196 1134/682/195
f 1134/682/195 1136/683/198 1138/601/200
f 1138/601/200 1140/684/202 1142/602/204
f 1142/602/204 1144/685/206 1146/603/208
f 1146/603/208 1134/682/195 1138/601/200
f 605/607/74 604/438/148 592/440/140
f 583/430/135 594/659/135 595/148/10
f 1099/608/19 1098/564/141 1086/565/141
f 1107/611/15 1097/643/15 1096/691/15
f 1096/691/15 1098/692/15 1099/609/15
f 1099/609/15 1100/693/15 1101/694/15
f 1101/694/15 1102/695/15 1103/610/15
f 1103/610/15 1104/696/15 1105/615/15
f 1105/615/15 1106/697/15 1107/611/15
f 1107/611/15 1096/691/15 1099/609/15
f 1099/609/15 1101/694/15 1103/610/15
f 1103/610/15 1105/615/15 1107/611/15
f 581/614/15 571/404/15 570/698/15
f 570/698/15 572/699/15 573/612/15
f 573/612/15 574/700/15 575/701/15
f 575/701/15 576/568/15 577/613/15
f 577/613/15 578/702/15 579/703/15
f 579/703/15 580/704/15 581/614/15
f 581/614/15 570/698/15 573/612/15
f 573/612/15 575/701/15 577/613/15
f 577/613/15 579/703/15 581/614/15
f 557/617/15 547/608/15 546/705/15
f 546/705/15 548/706/15 549/615/15
f 549/615/15 550/707/15 551/708/15
f 551/708/15 552/709/15 553/616/15
f 553/616/15 554/710/15 555/711/15
f 555/711/15 556/712/15 557/617/15
f 557/617/15 546/705/15 549/615/15
f 549/615/15 551/708/15 553/616/15
f 553/616/15 555/711/15 557/617/15
f 605/620/15 595/658/15 594/713/15
f 594/713/15 596/714/15 597/618/15
f 597/618/15 598/715/15 599/716/15
f 599/716/15 600/316/15 601/619/15
f 601/619/15 602/717/216 603/612/217
f 603/612/217 604/718/218 605/620/15
f 605/620/15 594/713/15 597/618/15
f 597/618/15 599/716/15 601/619/15
f 601/619/15 603/612/217 605/620/15
o Fan
v 0.125000 2.250000 -0.000000
v 0.062500 2.250000 -0.108253
v -0.062500 2.250000 -0.108253
v -0.125000 2.250000 -0.000000
v -0.062500 2.250000 0.108253
v 0.062500 2.250000 0.108253
v 0.062500 2.437500 -0.108253
v 0.125000 2.437500 -0.000000
v -0.062500 2.437500 -0.108253
v -0.125000 2.437500 -0.000000
v -0.062500 2.437500 0.108253
v 0.062500 2.437500 0.108253
v -0.056644 2.370164 0.108253
v 0.056644 2.317336 0.108253
v -0.169933 2.422991 0.483253
v 0.169933 2.264509 0.483253
v 0.122072 2.370164 -0.005071
v 0.065428 2.317336 -0.103182
v 0.503476 2.422991 -0.094460
v 0.333543 2.264509 -0.388792
v -0.065428 2.370164 -0.103182
v -0.122072 2.317336 -0.005071
v -0.333543 2.422991 -0.388792
v -0.503476 2.264509 -0.094460
vn -0.0000 1.0000 -0.0000
vn 0.8660 -0.0000 0.5000
vn 0.8660 -0.0000 -0.5000
vn -0.8660 -0.0000 0.5000
vn -0.8660 -0.0000 -0.5000
vn -0.0000 -0.0000 -1.0000
vn -0.2113 0.9063 -0.3660
vn -0.2113 0.9063 0.3660
vn 0.4226 0.9063 -0.0000
vn -0.0000 -0.0000 1.0000
vt 0.613281 0.275391
vt 0.597656 0.275391
vt 0.605469 0.261719
vt 0.621094 0.261719
vt 0.613281 0.250000
vt 0.621094 0.250000
vt 0.628906 0.261719
vt 0.628906 0.250000
vt 0.597656 0.250000
vt 0.605469 0.250000
vt 0.644531 0.261719
vt 0.636719 0.250000
vt 0.644531 0.250000
vt 0.636719 0.261719
vt 0.644531 0.253906
vt 0.671875 0.269531
vt 0.644531 0.269531
vt 0.613281 0.261719
vt 0.613281 0.263672
vt 0.605469 0.277344
vt 0.597656 0.263672
vt 0.597656 0.261719
vt 0.671875 0.253906
s 0
usemtl Material.001
f 1156/719/219 1158/720/219 1155/721/219
f 1155/722/220 1153/723/220 1148/724/220
f 1154/725/221 1148/724/221 1149/726/221
f 1158/721/222 1151/727/222 1152/728/222
f 1157/729/223 1150/730/223 1151/731/223
f 1156/732/224 1149/726/224 1150/730/224
f 1164/733/225 1167/734/225 1165/735/225
f 1168/733/226 1171/734/226 1169/735/226
f 1160/733/227 1163/734/227 1161/735/227
f 1159/736/228 1152/728/228 1153/723/228
f 1155/721/219 1154/737/219 1156/719/219
f 1156/719/219 1157/738/219 1158/720/219
f 1158/720/219 1159/739/219 1155/721/219
f 1155/722/220 1159/736/220 1153/723/220
f 1154/725/221 1155/722/221 1148/724/221
f 1158/721/222 1157/740/222 1151/727/222
f 1157/729/223 1156/732/223 1150/730/223
f 1156/732/224 1154/725/224 1149/726/224
f 1164/733/225 1166/741/225 1167/734/225
f 1168/733/226 1170/741/226 1171/734/226
f 1160/733/227 1162/741/227 1163/734/227
f 1159/736/228 1158/721/228 1152/728/228
o Frame
v 1.375000 2.875000 2.250000
v 1.375000 3.000000 2.250000
v 1.375000 2.875000 -2.250000
v 1.375000 3.000000 -2.250000
v 1.500000 2.875000 2.250000
v 1.500000 3.000000 2.250000
v 1.500000 2.875000 -2.250000
v 1.500000 3.000000 -2.250000
v 1.375000 1.000000 -2.375000
v 1.375000 2.750000 -2.375000
v 1.375000 1.000000 -2.500000
v 1.375000 2.750000 -2.500000
v 1.500000 1.000000 -2.375000
v 1.500000 2.750000 -2.375000
v 1.500000 1.000000 -2.500000
v 1.500000 2.750000 -2.500000
v 1.375000 1.000000 2.500000
v 1.375000 2.750000 2.500000
v 1.375000 1.000000 2.375000
v 1.375000 2.750000 2.375000
v 1.500000 1.000000 2.500000
v 1.500000 2.750000 2.500000
v 1.500000 1.000000 2.375000
v 1.500000 2.750000 2.375000
v -1.500000 1.000000 2.500000
v -1.500000 2.750000 2.500000
v -1.500000 1.000000 2.375000
v -1.500000 2.750000 2.375000
v -1.375000 1.000000 2.500000
v -1.375000 2.750000 2.500000
v -1.375000 1.000000 2.375000
v -1.375000 2.750000 2.375000
v -1.500000 1.000000 -2.375000
v -1.500000 2.750000 -2.375000
v -1.500000 1.000000 -2.500000
v -1.500000 2.750000 -2.500000
v -1.375000 1.000000 -2.375000
v -1.375000 2.750000 -2.375000
v -1.375000 1.000000 -2.500000
v -1.375000 2.750000 -2.500000
v 1.250000 2.750000 -2.250000
v 1.250000 3.000000 -2.250000
v 1.250000 2.750000 -2.500000
v 1.250000 3.000000 -2.500000
v 1.500000 2.750000 -2.250000
v 1.500000 3.000000 -2.250000
v 1.500000 2.750000 -2.500000
v 1.500000 3.000000 -2.500000
v 1.250000 2.750000 2.500000
v 1.250000 3.000000 2.500000
v 1.250000 2.750000 2.250000
v 1.250000 3.000000 2.250000
v 1.500000 2.750000 2.500000
v 1.500000 3.000000 2.500000
v 1.500000 2.750000 2.250000
v 1.500000 3.000000 2.250000
v -1.500000 2.750000 2.500000
v -1.500000 3.000000 2.500000
v -1.500000 2.750000 2.250000
v -1.500000 3.000000 2.250000
v -1.250000 2.750000 2.500000
v -1.250000 3.000000 2.500000
v -1.250000 2.750000 2.250000
v -1.250000 3.000000 2.250000
v -1.500000 2.750000 -2.250000
v -1.500000 3.000000 -2.250000
v -1.500000 2.750000 -2.500000
v -1.500000 3.000000 -2.500000
v -1.250000 2.750000 -2.250000
v -1.250000 3.000000 -2.250000
v -1.250000 2.750000 -2.500000
v -1.250000 3.000000 -2.500000
v -1.500000 2.875000 2.250000
v -1.500000 3.000000 2.250000
v -1.500000 2.875000 -2.250000
v -1.500000 3.000000 -2.250000
v -1.375000 2.875000 2.250000
v -1.375000 3.000000 2.250000
v -1.375000 2.875000 -2.250000
v -1.375000 3.000000 -2.250000
v -1.250000 2.875000 -2.375000
v -1.250000 3.000000 -2.375000
v -1.250000 2.875000 -2.500000
v -1.250000 3.000000 -2.500000
v 1.250000 2.875000 -2.375000
v 1.250000 3.000000 -2.375000
v 1.250000 2.875000 -2.500000
v 1.250000 3.000000 -2.500000
v -1.250000 2.875000 2.500000
v -1.250000 3.000000 2.500000
v -1.250000 2.875000 2.375000
v -1.250000 3.000000 2.375000
v 1.250000 2.875000 2.500000
v 1.250000 3.000000 2.500000
v 1.250000 2.875000 2.375000
v 1.250000 3.000000 2.375000
vn -1.0000 -0.0000 -0.0000
vn -0.0000 -0.0000 -1.0000
vn 1.0000 -0.0000 -0.0000
vn -0.0000 -0.0000 1.0000
vn -0.0000 -1.0000 -0.0000
vn -0.0000 1.0000 -0.0000
vt 0.000000 0.289062
vt 0.281250 0.296875
vt 0.000000 0.296875
vt 0.625000 0.250000
vt 0.375000 0.500000
vt 0.375000 0.250000
vt 0.000000 0.304688
vt 0.281250 0.312500
vt 0.000000 0.312500
vt 0.625000 0.750000
vt 0.375000 1.000000
vt 0.375000 0.750000
vt 0.000000 0.281250
vt 0.281250 0.289062
vt 0.281250 0.304688
vt 0.109375 0.351562
vt 0.000000 0.359375
vt 0.000000 0.351562
vt 0.109375 0.359375
vt 0.000000 0.367188
vt 0.109375 0.367188
vt 0.000000 0.375000
vt 0.109375 0.343750
vt 0.000000 0.343750
vt 0.125000 0.750000
vt 0.125000 0.500000
vt 0.875000 0.500000
vt 0.625000 0.500000
vt 0.953125 0.000000
vt 0.937500 0.015625
vt 0.937500 0.000000
vt 0.953125 0.015625
vt 0.937500 0.031250
vt 0.937500 0.046875
vt 0.953125 0.031250
vt 0.953125 0.046875
vt 0.984375 0.015625
vt 0.968750 0.031250
vt 0.968750 0.015625
vt 1.000000 0.015625
vt 0.984375 0.031250
vt 0.625000 0.000000
vt 0.375000 0.000000
vt 0.000000 0.328125
vt 0.156250 0.335938
vt 0.000000 0.335938
vt 0.156250 0.320312
vt 0.000000 0.320312
vt 0.156250 0.343750
vt 0.625000 1.000000
vt 0.281250 0.281250
vt 0.109375 0.375000
vt 0.875000 0.750000
vt 1.000000 0.031250
vt 0.156250 0.328125
vt 0.156250 0.312500
s 0
usemtl Material.002
f 1173/742/229 1174/743/229 1172/744/229
f 1175/745/230 1178/746/230 1174/747/230
f 1179/748/231 1176/749/231 1178/750/231
f 1177/751/232 1172/752/232 1176/753/232
f 1178/754/233 1172/755/233 1174/742/233
f 1175/744/234 1177/756/234 1179/748/234
f 1181/757/229 1182/758/229 1180/759/229
f 1183/760/230 1186/761/230 1182/758/230
f 1187/762/231 1184/763/231 1186/761/231
f 1185/764/232 1180/759/232 1184/765/232
f 1186/746/233 1180/766/233 1182/767/233
f 1183/768/234 1185/751/234 1187/769/234
f 1189/757/229 1190/758/229 1188/759/229
f 1191/760/230 1194/761/230 1190/758/230
f 1195/762/231 1192/763/231 1194/761/231
f 1193/764/232 1188/759/232 1192/765/232
f 1194/746/233 1188/766/233 1190/767/233
f 1191/768/234 1193/751/234 1195/769/234
f 1197/757/229 1198/758/229 1196/759/229
f 1199/760/230 1202/761/230 1198/758/230
f 1203/762/231 1200/763/231 1202/761/231
f 1201/764/232 1196/759/232 1200/765/232
f 1202/746/233 1196/766/233 1198/767/233
f 1199/768/234 1201/751/234 1203/769/234
f 1205/757/229 1206/758/229 1204/759/229
f 1207/760/230 1210/761/230 1206/758/230
f 1211/762/231 1208/763/231 1210/761/231
f 1209/764/232 1204/759/232 1208/765/232
f 1210/746/233 1204/766/233 1206/767/233
f 1207/768/234 1209/751/234 1211/769/234
f 1213/770/229 1214/771/229 1212/772/229
f 1215/773/230 1218/774/230 1214/771/230
f 1219/775/231 1216/776/231 1218/777/231
f 1217/778/232 1212/779/232 1216/780/232
f 1218/781/233 1212/782/233 1214/778/233
f 1215/776/234 1217/780/234 1219/779/234
f 1221/770/229 1222/771/229 1220/772/229
f 1223/773/230 1226/774/230 1222/771/230
f 1227/776/231 1224/775/231 1226/774/231
f 1225/778/232 1220/779/232 1224/780/232
f 1226/781/233 1220/782/233 1222/778/233
f 1223/780/234 1225/776/234 1227/773/234
f 1229/770/229 1230/771/229 1228/772/229
f 1231/773/230 1234/774/230 1230/771/230
f 1235/776/231 1232/775/231 1234/774/231
f 1233/778/232 1228/779/232 1232/780/232
f 1234/781/233 1228/782/233 1230/778/233
f 1231/780/234 1233/776/234 1235/773/234
f 1237/771/229 1238/770/229 1236/773/229
f 1239/773/230 1242/774/230 1238/771/230
f 1243/776/231 1240/775/231 1242/774/231
f 1241/778/232 1236/779/232 1240/780/232
f 1242/781/233 1236/782/233 1238/778/233
f 1239/776/234 1241/780/234 1243/779/234
f 1245/742/229 1246/743/229 1244/744/229
f 1247/745/230 1250/746/230 1246/747/230
f 1251/748/231 1248/749/231 1250/750/231
f 1249/751/232 1244/752/232 1248/753/232
f 1250/754/233 1244/755/233 1246/742/233
f 1247/744/234 1249/756/234 1251/748/234
f 1253/783/229 1254/747/229 1252/784/229
f 1255/785/230 1258/786/230 1254/787/230
f 1259/769/231 1256/753/231 1258/746/231
f 1257/750/232 1252/788/232 1256/789/232
f 1258/788/233 1252/785/233 1254/789/233
f 1255/765/234 1257/786/234 1259/790/234
f 1261/783/229 1262/747/229 1260/784/229
f 1263/785/230 1266/786/230 1262/787/230
f 1267/769/231 1264/753/231 1266/746/231
f 1265/750/232 1260/788/232 1264/789/232
f 1266/788/233 1260/785/233 1262/789/233
f 1263/786/234 1265/765/234 1267/787/234
f 1173/742/229 1175/755/229 1174/743/229
f 1175/745/230 1179/769/230 1178/746/230
f 1179/748/231 1177/756/231 1176/749/231
f 1177/751/232 1173/791/232 1172/752/232
f 1178/754/233 1176/792/233 1172/755/233
f 1175/744/234 1173/743/234 1177/756/234
f 1181/757/229 1183/760/229 1182/758/229
f 1183/760/230 1187/762/230 1186/761/230
f 1187/762/231 1185/793/231 1184/763/231
f 1185/764/232 1181/757/232 1180/759/232
f 1186/746/233 1184/753/233 1180/766/233
f 1183/768/234 1181/794/234 1185/751/234
f 1189/757/229 1191/760/229 1190/758/229
f 1191/760/230 1195/762/230 1194/761/230
f 1195/762/231 1193/793/231 1192/763/231
f 1193/764/232 1189/757/232 1188/759/232
f 1194/746/233 1192/753/233 1188/766/233
f 1191/768/234 1189/794/234 1193/751/234
f 1197/757/229 1199/760/229 1198/758/229
f 1199/760/230 1203/762/230 1202/761/230
f 1203/762/231 1201/793/231 1200/763/231
f 1201/764/232 1197/757/232 1196/759/232
f 1202/746/233 1200/753/233 1196/766/233
f 1199/768/234 1197/794/234 1201/751/234
f 1205/757/229 1207/760/229 1206/758/229
f 1207/760/230 1211/762/230 1210/761/230
f 1211/762/231 1209/793/231 1208/763/231
f 1209/764/232 1205/757/232 1204/759/232
f 1210/746/233 1208/753/233 1204/766/233
f 1207/768/234 1205/794/234 1209/751/234
f 1213/770/229 1215/773/229 1214/771/229
f 1215/773/230 1219/776/230 1218/774/230
f 1219/775/231 1217/774/231 1216/776/231
f 1217/778/232 1213/782/232 1212/779/232
f 1218/781/233 1216/795/233 1212/782/233
f 1215/776/234 1213/773/234 1217/780/234
f 1221/770/229 1223/773/229 1222/771/229
f 1223/773/230 1227/776/230 1226/774/230
f 1227/776/231 1225/777/231 1224/775/231
f 1225/778/232 1221/782/232 1220/779/232
f 1226/781/233 1224/795/233 1220/782/233
f 1223/780/234 1221/779/234 1225/776/234
f 1229/770/229 1231/773/229 1230/771/229
f 1231/773/230 1235/776/230 1234/774/230
f 1235/776/231 1233/777/231 1232/775/231
f 1233/778/232 1229/782/232 1228/779/232
f 1234/781/233 1232/795/233 1228/782/233
f 1231/780/234 1229/779/234 1233/776/234
f 1237/771/229 1239/772/229 1238/770/229
f 1239/773/230 1243/776/230 1242/774/230
f 1243/776/231 1241/777/231 1240/775/231
f 1241/778/232 1237/782/232 1236/779/232
f 1242/781/233 1240/795/233 1236/782/233
f 1239/776/234 1237/773/234 1241/780/234
f 1245/742/229 1247/755/229 1246/743/229
f 1247/745/230 1251/769/230 1250/746/230
f 1251/748/231 1249/756/231 1248/749/231
f 1249/751/232 1245/791/232 1244/752/232
f 1250/754/233 1248/792/233 1244/755/233
f 1247/744/234 1245/743/234 1249/756/234
f 1253/783/229 1255/745/229 1254/747/229
f 1255/785/230 1259/796/230 1258/786/230
f 1259/769/231 1257/751/231 1256/753/231
f 1257/750/232 1253/797/232 1252/788/232
f 1258/788/233 1256/796/233 1252/785/233
f 1255/765/234 1253/787/234 1257/786/234
f 1261/783/229 1263/745/229 1262/747/229
f 1263/785/230 1267/796/230 1266/786/230
f 1267/769/231 1265/751/231 1264/753/231
f 1265/750/232 1261/797/232 1260/788/232
f 1266/788/233 1264/796/233 1260/785/233
f 1263/786/234 1261/790/234 1265/765/234
